Alpha,train_score,test_score
0.0,0.6057684998841367,0.6043766425225054
0.01,0.6057684969318464,0.6043768245804377
0.02,0.6057684880827738,0.6043770014948204
0.03,0.6057684733485982,0.6043771732759908
0.04,0.6057684527409744,0.6043773399342637
0.05,0.6057684262715334,0.6043775014799326
0.06,0.6057683939518819,0.6043776579232698
0.07,0.6057683557936024,0.6043778092745256
0.08,0.6057683118082535,0.6043779555439286
0.09,0.6057682620073701,0.6043780967416866
0.1,0.6057682064024625,0.6043782328779861
0.11,0.6057681450050177,0.6043783639629914
0.12,0.6057680778264991,0.6043784900068465
0.13,0.6057680048783456,0.6043786110196736
0.14,0.6057679261719731,0.6043787270115739
0.15,0.6057678417187735,0.6043788379926276
0.16,0.6057677515301152,0.6043789439728937
0.17,0.6057676556173432,0.6043790449624104
0.18,0.6057675539917791,0.6043791409711943
0.19,0.6057674466647205,0.6043792320092418
0.2,0.6057673336474425,0.604379318086528
0.21,0.6057672149511961,0.6043793992130073
0.22,0.6057670905872099,0.6043794753986136
0.23,0.6057669605666882,0.6043795466532595
0.24,0.605766824900813,0.6043796129868374
0.25,0.6057666836007434,0.6043796744092187
0.26,0.6057665366776144,0.6043797309302545
0.27,0.605766384142539,0.6043797825597753
0.28,0.6057662260066068,0.6043798293075913
0.29,0.6057660622808847,0.6043798711834913
0.3,0.6057658929764169,0.6043799081972453
0.31,0.605765718104224,0.6043799403586017
0.32,0.6057655376753053,0.6043799676772887
0.33,0.6057653517006361,0.6043799901630149
0.34,0.60576516019117,0.6043800078254682
0.35000000000000003,0.6057649631578371,0.6043800206743165
0.36,0.6057647606115463,0.6043800287192076
0.37,0.6057645525631827,0.6043800319697691
0.38,0.6057643390236098,0.6043800304356086
0.39,0.6057641200036685,0.604380024126314
0.4,0.6057638955141774,0.604380013051453
0.41000000000000003,0.6057636655659329,0.6043799972205731
0.42,0.605763430169709,0.6043799766432028
0.43,0.6057631893362578,0.6043799513288501
0.44,0.6057629430763094,0.6043799212870037
0.45,0.6057626914005712,0.6043798865271321
0.46,0.6057624343197292,0.6043798470586847
0.47000000000000003,0.6057621718444475,0.604379802891091
0.48,0.6057619039853678,0.6043797540337608
0.49,0.6057616307531104,0.6043797004960849
0.5,0.6057613521582734,0.6043796422874339
0.51,0.6057610682114338,0.6043795794171595
0.52,0.6057607789231461,0.6043795118945939
0.53,0.6057604843039436,0.60437943972905
0.54,0.6057601843643379,0.6043793629298211
0.55,0.6057598791148193,0.6043792815061817
0.56,0.6057595685658561,0.6043791954673867
0.5700000000000001,0.6057592527278957,0.6043791048226723
0.58,0.6057589316113634,0.604379009581255
0.59,0.6057586052266639,0.6043789097523327
0.6,0.60575827358418,0.6043788053450838
0.61,0.6057579366942736,0.6043786963686686
0.62,0.6057575945672854,0.6043785828322272
0.63,0.6057572472135344,0.6043784647448818
0.64,0.6057568946433194,0.6043783421157354
0.65,0.6057565368669172,0.6043782149538721
0.66,0.6057561738945842,0.6043780832683573
0.67,0.605755805736556,0.6043779470682378
0.68,0.6057554324030462,0.6043778063625415
0.6900000000000001,0.6057550539042487,0.6043776611602778
0.7000000000000001,0.6057546702503359,0.6043775114704376
0.71,0.6057542814514599,0.604377357301993
0.72,0.6057538875177517,0.6043771986638977
0.73,0.6057534884593214,0.6043770355650868
0.74,0.6057530842862594,0.6043768680144774
0.75,0.6057526750086344,0.6043766960209677
0.76,0.6057522606364951,0.6043765195934379
0.77,0.6057518411798699,0.6043763387407495
0.78,0.6057514166487664,0.6043761534717462
0.79,0.6057509870531717,0.6043759637952533
0.8,0.605750552403053,0.604375769720078
0.81,0.6057501127083567,0.604375571255009
0.8200000000000001,0.6057496679790093,0.6043753684088173
0.8300000000000001,0.6057492182249169,0.6043751611902558
0.84,0.6057487634559653,0.6043749496080593
0.85,0.6057483036820206,0.6043747336709446
0.86,0.6057478389129285,0.6043745133876106
0.87,0.6057473691585147,0.6043742887667383
0.88,0.6057468944285848,0.6043740598169909
0.89,0.6057464147329246,0.6043738265470138
0.9,0.6057459300813,0.6043735889654345
0.91,0.6057454404834572,0.6043733470808629
0.92,0.6057449459491222,0.6043731009018913
0.93,0.6057444464880015,0.6043728504370941
0.9400000000000001,0.6057439421097819,0.6043725956950283
0.9500000000000001,0.6057434328241302,0.6043723366842333
0.96,0.605742918640694,0.6043720734132307
0.97,0.6057423995691011,0.6043718058905254
0.98,0.6057418756189599,0.6043715341246036
0.99,0.6057413467998589,0.6043712581239352
1.0,0.6057408131213676,0.6043709778969724
1.01,0.6057402745930359,0.6043706934521498
1.02,0.6057397312243943,0.6043704047978851
1.03,0.6057391830249539,0.6043701119425784
1.04,0.605738630004207,0.6043698148946127
1.05,0.6057380721716259,0.6043695136623541
1.06,0.6057375095366643,0.6043692082541514
1.07,0.6057369421087566,0.6043688986783359
1.08,0.6057363698973178,0.6043685849432225
1.09,0.6057357929117443,0.6043682670571087
1.1,0.6057352111614132,0.6043679450282751
1.11,0.6057346246556826,0.6043676188649854
1.12,0.6057340334038919,0.6043672885754865
1.1300000000000001,0.6057334374153612,0.6043669541680079
1.1400000000000001,0.6057328366993924,0.6043666156507632
1.1500000000000001,0.6057322312652678,0.6043662730319483
1.16,0.6057316211222514,0.6043659263197431
1.17,0.6057310062795888,0.6043655755223101
1.18,0.6057303867465059,0.6043652206477956
1.19,0.605729762532211,0.6043648617043293
1.2,0.605729133645893,0.6043644987000238
1.21,0.605728500096723,0.604364131642976
1.22,0.6057278618938531,0.6043637605412652
1.23,0.6057272190464171,0.6043633854029549
1.24,0.60572657156353,0.6043630062360923
1.25,0.605725919454289,0.6043626230487076
1.26,0.6057252627277725,0.604362235848815
1.27,0.6057246013930409,0.6043618446444126
1.28,0.6057239354591359,0.6043614494434814
1.29,0.6057232649350818,0.6043610502539869
1.3,0.6057225898298837,0.6043606470838783
1.31,0.6057219101525291,0.6043602399410879
1.32,0.6057212259119873,0.604359828833533
1.33,0.6057205371172097,0.6043594137691137
1.34,0.6057198437771296,0.6043589947557146
1.35,0.6057191459006619,0.6043585718012041
1.36,0.6057184434967042,0.6043581449134348
1.37,0.605717736574136,0.6043577141002429
1.3800000000000001,0.6057170251418186,0.6043572793694489
1.3900000000000001,0.6057163092085958,0.6043568407288575
1.4000000000000001,0.6057155887832937,0.6043563981862574
1.41,0.6057148638747201,0.6043559517494216
1.42,0.6057141344916657,0.6043555014261071
1.43,0.6057134006429036,0.6043550472240553
1.44,0.6057126623371886,0.6043545891509918
1.45,0.6057119195832585,0.6043541272146266
1.46,0.6057111723898334,0.604353661422654
1.47,0.6057104207656158,0.6043531917827525
1.48,0.6057096647192908,0.6043527183025855
1.49,0.6057089042595261,0.6043522409898003
1.5,0.6057081393949719,0.6043517598520289
1.51,0.6057073701342612,0.6043512748968882
1.52,0.6057065964860094,0.6043507861319789
1.53,0.6057058184588151,0.6043502935648868
1.54,0.6057050360612595,0.6043497972031824
1.55,0.6057042493019063,0.6043492970544205
1.56,0.6057034581893019,0.6043487931261409
1.57,0.6057026627319768,0.6043482854258679
1.58,0.6057018629384425,0.6043477739611107
1.59,0.6057010588171954,0.6043472587393632
1.6,0.6057002503767133,0.6043467397681045
1.61,0.6056994376254583,0.604346217054798
1.62,0.6056986205718744,0.6043456906068922
1.6300000000000001,0.6056977992243897,0.6043451604318207
1.6400000000000001,0.6056969735914148,0.604344626537002
1.6500000000000001,0.605696143681344,0.6043440889298397
1.6600000000000001,0.6056953095025542,0.6043435476177219
1.67,0.605694471063406,0.6043430026080224
1.68,0.6056936283722432,0.6043424539080999
1.69,0.605692781437393,0.604341901525298
1.7,0.6056919302671657,0.6043413454669457
1.71,0.6056910748698554,0.6043407857403574
1.72,0.6056902152537389,0.6043402223528322
1.73,0.6056893514270776,0.6043396553116549
1.74,0.6056884833981154,0.6043390846240952
1.75,0.6056876111750804,0.6043385102974088
1.76,0.6056867347661838,0.6043379323388363
1.77,0.6056858541796208,0.6043373507556031
1.78,0.60568496942357,0.6043367655549214
1.79,0.6056840805061942,0.6043361767439878
1.8,0.605683187435639,0.6043355843299847
1.81,0.6056822902200345,0.6043349883200801
1.82,0.6056813888674945,0.6043343887214276
1.83,0.6056804833861165,0.6043337855411661
1.84,0.605679573783982,0.6043331787864203
1.85,0.6056786600691559,0.6043325684643008
1.86,0.6056777422496882,0.6043319545819037
1.87,0.6056768203336116,0.6043313371463103
1.8800000000000001,0.6056758943289434,0.6043307161645883
1.8900000000000001,0.6056749642436849,0.6043300916437913
1.9000000000000001,0.6056740300858219,0.604329463590958
1.9100000000000001,0.6056730918633236,0.6043288320131137
1.92,0.6056721495841437,0.604328196917269
1.93,0.6056712032562201,0.6043275583104206
1.94,0.6056702528874748,0.6043269161995515
1.95,0.6056692984858143,0.6043262705916298
1.96,0.6056683400591291,0.6043256214936106
1.97,0.6056673776152943,0.6043249689124341
1.98,0.6056664111621692,0.6043243128550276
1.99,0.6056654407075975,0.6043236533283034
2.0,0.6056644662594074,0.6043229903391607
2.0100000000000002,0.6056634878254115,0.6043223238944846
2.02,0.605662505413407,0.6043216540011462
2.0300000000000002,0.6056615190311756,0.6043209806660033
2.04,0.6056605286864833,0.6043203038958991
2.05,0.6056595343870812,0.6043196236976641
2.06,0.6056585361407048,0.6043189400781146
2.07,0.6056575339550738,0.604318253044053
2.08,0.6056565278378936,0.6043175626022683
2.09,0.6056555177968534,0.6043168687595362
2.1,0.6056545038396279,0.6043161715226182
2.11,0.605653485973876,0.6043154708982628
2.12,0.6056524642072418,0.6043147668932047
2.13,0.6056514385473541,0.6043140595141654
2.14,0.6056504090018269,0.6043133487678525
2.15,0.6056493755782584,0.6043126346609604
2.16,0.6056483382842328,0.6043119172001701
2.17,0.6056472971273184,0.6043111963921495
2.18,0.6056462521150692,0.6043104722435528
2.19,0.6056452032550238,0.6043097447610208
2.2,0.6056441505547061,0.6043090139511818
2.21,0.6056430940216253,0.6043082798206496
2.22,0.6056420336632753,0.6043075423760258
2.23,0.6056409694871356,0.6043068016238984
2.24,0.6056399015006708,0.6043060575708423
2.25,0.6056388297113309,0.6043053102234195
2.2600000000000002,0.605637754126551,0.6043045595881784
2.27,0.6056366747537514,0.6043038056716546
2.2800000000000002,0.605635591600338,0.6043030484803709
2.29,0.6056345046737022,0.6043022880208366
2.3000000000000003,0.6056334139812205,0.6043015242995483
2.31,0.6056323195302553,0.6043007573229897
2.32,0.6056312213281538,0.6042999870976312
2.33,0.6056301193822493,0.6042992136299308
2.34,0.6056290136998606,0.6042984369263333
2.35,0.6056279042882917,0.6042976569932706
2.36,0.6056267911548326,0.6042968738371621
2.37,0.605625674306759,0.6042960874644141
2.38,0.6056245537513316,0.6042952978814202
2.39,0.6056234294957976,0.6042945050945615
2.4,0.6056223015473896,0.6042937091102061
2.41,0.605621169913326,0.6042929099347094
2.42,0.6056200346008109,0.6042921075744146
2.43,0.6056188956170343,0.6042913020356517
2.44,0.6056177529691721,0.6042904933247384
2.45,0.6056166066643862,0.6042896814479797
2.46,0.605615456709824,0.6042888664116683
2.47,0.6056143031126193,0.6042880482220843
2.48,0.6056131458798919,0.6042872268854951
2.49,0.6056119850187471,0.6042864024081558
2.5,0.6056108205362769,0.6042855747963091
2.5100000000000002,0.6056096524395587,0.6042847440561852
2.52,0.6056084807356567,0.6042839101940018
2.5300000000000002,0.6056073054316204,0.6042830732159647
2.54,0.6056061265344865,0.6042822331282671
2.5500000000000003,0.6056049440512772,0.6042813899370898
2.56,0.6056037579890009,0.6042805436486014
2.57,0.6056025683546524,0.6042796942689582
2.58,0.6056013751552132,0.6042788418043046
2.59,0.6056001783976502,0.6042779862607724
2.6,0.6055989780889175,0.6042771276444815
2.61,0.6055977742359551,0.6042762659615395
2.62,0.6055965668456893,0.604275401218042
2.63,0.6055953559250337,0.6042745334200723
2.64,0.6055941414808872,0.6042736625737022
2.65,0.6055929235201358,0.6042727886849908
2.66,0.6055917020496521,0.6042719117599855
2.67,0.605590477076295,0.604271031804722
2.68,0.6055892486069099,0.6042701488252232
2.69,0.6055880166483292,0.604269262827501
2.7,0.6055867812073715,0.6042683738175552
2.71,0.6055855422908425,0.6042674818013729
2.72,0.6055842999055341,0.6042665867849305
2.73,0.6055830540582252,0.604265688774192
2.74,0.6055818047556817,0.6042647877751097
2.75,0.6055805520046555,0.6042638837936238
2.7600000000000002,0.6055792958118865,0.6042629768356633
2.77,0.6055780361841001,0.6042620669071452
2.7800000000000002,0.6055767731280097,0.6042611540139747
2.79,0.6055755066503147,0.6042602381620457
2.8000000000000003,0.605574236757702,0.60425931935724
2.81,0.6055729634568452,0.6042583976054279
2.82,0.6055716867544052,0.6042574729124685
2.83,0.6055704066570291,0.6042565452842087
2.84,0.6055691231713523,0.6042556147264844
2.85,0.605567836303996,0.6042546812451196
2.86,0.6055665460615691,0.6042537448459272
2.87,0.6055652524506677,0.604252805534708
2.88,0.6055639554778749,0.604251863317252
2.89,0.6055626551497606,0.6042509181993374
2.9,0.6055613514728828,0.6042499701867312
2.91,0.6055600444537856,0.6042490192851891
2.92,0.6055587340990015,0.6042480655004551
2.93,0.6055574204150493,0.6042471088382619
2.94,0.6055561034084358,0.6042461493043315
2.95,0.6055547830856546,0.604245186904374
2.96,0.6055534594531871,0.6042442216440884
2.97,0.6055521325175016,0.6042432535291624
2.98,0.6055508022850546,0.6042422825652731
2.99,0.6055494687622892,0.6042413087580853
3.0,0.6055481319556366,0.6042403321132539
3.0100000000000002,0.6055467918715149,0.6042393526364218
3.02,0.6055454485163303,0.604238370333221
3.0300000000000002,0.6055441018964763,0.6042373852092726
3.04,0.6055427520183339,0.6042363972701865
3.0500000000000003,0.6055413988882719,0.6042354065215614
3.06,0.6055400425126465,0.6042344129689854
3.0700000000000003,0.6055386828978016,0.6042334166180355
3.08,0.6055373200500689,0.6042324174742774
3.09,0.6055359539757681,0.604231415543266
3.1,0.6055345846812057,0.6042304108305456
3.11,0.605533212172677,0.6042294033416493
3.12,0.6055318364564646,0.6042283930820995
3.13,0.6055304575388387,0.6042273800574076
3.14,0.605529075426058,0.6042263642730743
3.15,0.6055276901243682,0.6042253457345892
3.16,0.6055263016400039,0.6042243244474317
3.17,0.6055249099791867,0.6042233004170698
3.18,0.6055235151481266,0.6042222736489615
3.19,0.6055221171530213,0.6042212441485533
3.2,0.6055207160000571,0.6042202119212816
3.21,0.6055193116954076,0.604219176972572
3.22,0.6055179042452348,0.6042181393078391
3.23,0.6055164936556888,0.6042170989324875
3.24,0.6055150799329074,0.6042160558519107
3.25,0.6055136630830175,0.6042150100714921
3.2600000000000002,0.6055122431121327,0.604213961596604
3.27,0.6055108200263561,0.6042129104326086
3.2800000000000002,0.6055093938317782,0.6042118565848573
3.29,0.6055079645344779,0.6042108000586913
3.3000000000000003,0.6055065321405229,0.6042097408594412
3.31,0.6055050966559682,0.6042086789924273
3.3200000000000003,0.6055036580868576,0.6042076144629591
3.33,0.6055022164392234,0.604206547276336
3.34,0.6055007717190861,0.6042054774378474
3.35,0.6054993239324544,0.6042044049527717
3.36,0.6054978730853257,0.6042033298263771
3.37,0.6054964191836854,0.6042022520639221
3.38,0.6054949622335077,0.6042011716706538
3.39,0.6054935022407553,0.6042000886518104
3.4,0.605492039211379,0.6041990030126185
3.41,0.6054905731513185,0.6041979147582959
3.42,0.605489104066502,0.6041968238940488
3.43,0.6054876319628459,0.6041957304250742
3.44,0.605486156846256,0.6041946343565587
3.45,0.6054846787226256,0.6041935356936787
3.46,0.6054831975978378,0.6041924344416005
3.47,0.6054817134777633,0.6041913306054802
3.48,0.605480226368262,0.604190224190464
3.49,0.605478736275183,0.604189115201688
3.5,0.6054772432043631,0.6041880036442788
3.5100000000000002,0.6054757471616288,0.6041868895233519
3.52,0.6054742481527946,0.6041857728440136
3.5300000000000002,0.6054727461836645,0.6041846536113602
3.54,0.6054712412600308,0.604183531830478
3.5500000000000003,0.6054697333876751,0.604182407506443
3.56,0.6054682225723671,0.604181280644322
3.5700000000000003,0.6054667088198666,0.6041801512491713
3.58,0.6054651921359211,0.604179019326038
3.59,0.6054636725262683,0.6041778848799586
3.6,0.6054621499966335,0.6041767479159603
3.61,0.6054606245527321,0.6041756084390605
3.62,0.6054590962002679,0.6041744664542666
3.63,0.605457564944934,0.6041733219665765
3.64,0.6054560307924125,0.6041721749809781
3.65,0.6054544937483746,0.6041710255024499
3.66,0.6054529538184806,0.6041698735359605
3.67,0.60545141100838,0.604168719086469
3.68,0.6054498653237111,0.6041675621589245
3.69,0.6054483167701021,0.604166402758267
3.7,0.6054467653531697,0.6041652408894267
3.71,0.60544521107852,0.604164076557324
3.72,0.6054436539517487,0.6041629097668697
3.73,0.6054420939784404,0.6041617405229656
3.74,0.6054405311641691,0.6041605688305035
3.75,0.6054389655144978,0.6041593946943657
3.7600000000000002,0.6054373970349798,0.6041582181194254
3.77,0.6054358257311566,0.604157039110546
3.7800000000000002,0.6054342516085598,0.6041558576725815
3.79,0.6054326746727101,0.6041546738103766
3.8000000000000003,0.6054310949291177,0.6041534875287664
3.81,0.6054295123832825,0.6041522988325767
3.8200000000000003,0.6054279270406933,0.6041511077266242
3.83,0.6054263389068288,0.6041499142157161
3.84,0.6054247479871575,0.6041487183046501
3.85,0.6054231542871367,0.6041475199982144
3.86,0.6054215578122139,0.6041463193011887
3.87,0.6054199585678256,0.6041451162183427
3.88,0.6054183565593984,0.6041439107544373
3.89,0.6054167517923483,0.604142702914224
3.9,0.6054151442720812,0.604141492702445
3.91,0.6054135340039923,0.6041402801238334
3.92,0.6054119209934665,0.6041390651831132
3.93,0.6054103052458788,0.6041378478849995
3.94,0.6054086867665938,0.6041366282341973
3.95,0.6054070655609652,0.6041354062354038
3.96,0.6054054416343375,0.6041341818933063
3.97,0.6054038149920443,0.6041329552125831
3.98,0.6054021856394094,0.6041317261979037
3.99,0.6054005535817462,0.6041304948539283
4.0,0.6053989188243578,0.6041292611853082
4.01,0.6053972813725379,0.6041280251966861
4.0200000000000005,0.6053956412315691,0.604126786892695
4.03,0.6053939984067247,0.6041255462779591
4.04,0.6053923529032678,0.6041243033570944
4.05,0.6053907047264511,0.604123058134707
4.0600000000000005,0.6053890538815176,0.6041218106153949
4.07,0.6053874003737003,0.6041205608037467
4.08,0.605385744208222,0.6041193087043422
4.09,0.6053840853902959,0.6041180543217524
4.1,0.6053824239251253,0.6041167976605397
4.11,0.6053807598179028,0.6041155387252577
4.12,0.6053790930738123,0.6041142775204509
4.13,0.6053774236980267,0.6041130140506548
4.14,0.6053757516957099,0.604111748320397
4.15,0.6053740770720155,0.6041104803341957
4.16,0.6053723998320875,0.6041092100965606
4.17,0.6053707199810601,0.6041079376119927
4.18,0.6053690375240575,0.6041066628849843
4.19,0.6053673524661944,0.6041053859200191
4.2,0.605365664812576,0.6041041067215718
4.21,0.605363974568297,0.6041028252941091
4.22,0.6053622817384434,0.6041015416420886
4.23,0.6053605863280908,0.6041002557699597
4.24,0.6053588883423053,0.6040989676821626
4.25,0.6053571877861437,0.6040976773831299
4.26,0.605355484664653,0.6040963848772847
4.2700000000000005,0.6053537789828706,0.6040950901690423
4.28,0.6053520707458241,0.6040937932628088
4.29,0.6053503599585319,0.6040924941629828
4.3,0.605348646626003,0.6040911928739534
4.3100000000000005,0.6053469307532363,0.604089889400102
4.32,0.6053452123452217,0.6040885837458012
4.33,0.6053434914069394,0.6040872759154152
4.34,0.6053417679433606,0.6040859659133002
4.3500000000000005,0.6053400419594465,0.6040846537438034
4.36,0.6053383134601488,0.6040833394112641
4.37,0.6053365824504107,0.6040820229200133
4.38,0.6053348489351651,0.6040807042743733
4.39,0.605333112919336,0.6040793834786582
4.4,0.605331374407838,0.6040780605371742
4.41,0.6053296334055764,0.6040767354542187
4.42,0.605327889917447,0.6040754082340813
4.43,0.6053261439483368,0.604074078881043
4.44,0.605324395503123,0.6040727473993769
4.45,0.6053226445866738,0.6040714137933474
4.46,0.6053208912038485,0.6040700780672115
4.47,0.6053191353594966,0.6040687402252174
4.48,0.6053173770584588,0.6040674002716051
4.49,0.6053156163055666,0.604066058210607
4.5,0.6053138531056423,0.604064714046447
4.51,0.6053120874634993,0.6040633677833409
4.5200000000000005,0.6053103193839415,0.6040620194254969
4.53,0.605308548871764,0.604060668977114
4.54,0.6053067759317527,0.6040593164423844
4.55,0.6053050005686845,0.6040579618254918
4.5600000000000005,0.6053032227873274,0.6040566051306115
4.57,0.6053014425924403,0.6040552463619115
4.58,0.605299659988773,0.6040538855235513
4.59,0.6052978749810665,0.6040525226196825
4.6000000000000005,0.6052960875740527,0.604051157654449
4.61,0.6052942977724545,0.6040497906319864
4.62,0.6052925055809864,0.6040484215564228
4.63,0.6052907110043533,0.6040470504318782
4.64,0.6052889140472515,0.6040456772624645
4.65,0.6052871147143686,0.6040443020522863
4.66,0.6052853130103835,0.6040429248054394
4.67,0.6052835089399655,0.6040415455260129
4.68,0.6052817025077759,0.6040401642180875
4.69,0.6052798937184671,0.6040387808857357
4.7,0.6052780825766821,0.6040373955330232
4.71,0.6052762690870559,0.6040360081640068
4.72,0.6052744532542145,0.6040346187827366
4.73,0.6052726350827748,0.6040332273932545
4.74,0.6052708145773458,0.6040318339995943
4.75,0.605268991742527,0.6040304386057826
4.76,0.6052671665829099,0.6040290412158382
4.7700000000000005,0.6052653391030769,0.6040276418337724
4.78,0.6052635093076018,0.6040262404635883
4.79,0.60526167720105,0.6040248371092818
4.8,0.6052598427879785,0.6040234317748412
4.8100000000000005,0.6052580060729351,0.6040220244642468
4.82,0.6052561670604597,0.6040206151814718
4.83,0.6052543257550831,0.6040192039304816
4.84,0.605252482161328,0.6040177907152336
4.8500000000000005,0.6052506362837083,0.6040163755396786
4.86,0.6052487881267297,0.6040149584077592
4.87,0.6052469376948891,0.6040135393234103
4.88,0.6052450849926754,0.6040121182905599
4.89,0.6052432300245685,0.6040106953131281
4.9,0.6052413727950403,0.6040092703950279
4.91,0.6052395133085541,0.6040078435401643
4.92,0.605237651569565,0.6040064147524353
4.93,0.6052357875825195,0.6040049840357316
4.94,0.605233921351856,0.6040035513939357
4.95,0.6052320528820044,0.6040021168309235
4.96,0.6052301821773863,0.6040006803505633
4.97,0.605228309242415,0.6039992419567157
4.98,0.6052264340814955,0.6039978016532348
4.99,0.6052245566990248,0.6039963594439663
5.0,0.6052226770993911,0.6039949153327495
5.01,0.605220795286975,0.6039934693234156
5.0200000000000005,0.6052189112661485,0.6039920214197891
5.03,0.6052170250412756,0.6039905716256868
5.04,0.6052151366167118,0.603989119944919
5.05,0.6052132459968047,0.6039876663812876
5.0600000000000005,0.6052113531858938,0.6039862109385883
5.07,0.6052094581883103,0.6039847536206091
5.08,0.6052075610083772,0.6039832944311307
5.09,0.6052056616504099,0.6039818333739271
5.1000000000000005,0.6052037601187152,0.6039803704527645
5.11,0.6052018564175919,0.6039789056714024
5.12,0.6051999505513312,0.6039774390335932
5.13,0.6051980425242156,0.6039759705430818
5.14,0.6051961323405202,0.6039745002036063
5.15,0.6051942200045115,0.6039730280188975
5.16,0.6051923055204484,0.6039715539926793
5.17,0.6051903888925823,0.6039700781286685
5.18,0.6051884701251552,0.6039686004305747
5.19,0.6051865492224029,0.6039671209021005
5.2,0.6051846261885521,0.6039656395469417
5.21,0.6051827010278219,0.6039641563687868
5.22,0.6051807737444239,0.6039626713713174
5.23,0.6051788443425612,0.6039611845582082
5.24,0.6051769128264296,0.603959695933127
5.25,0.6051749792002166,0.6039582054997346
5.26,0.6051730434681022,0.6039567132616843
5.2700000000000005,0.6051711056342584,0.6039552192226234
5.28,0.6051691657028495,0.6039537233861918
5.29,0.6051672236780323,0.6039522257560225
5.3,0.6051652795639554,0.6039507263357415
5.3100000000000005,0.6051633333647596,0.6039492251289685
5.32,0.6051613850845784,0.6039477221393157
5.33,0.6051594347275375,0.6039462173703888
5.34,0.6051574822977547,0.6039447108257865
5.3500000000000005,0.60515552779934,0.6039432025091007
5.36,0.605153571236396,0.6039416924239169
5.37,0.6051516126130181,0.6039401805738133
5.38,0.6051496519332928,0.6039386669623615
5.39,0.6051476892013002,0.6039371515931264
5.4,0.6051457244211123,0.6039356344696662
5.41,0.6051437575967933,0.6039341155955322
5.42,0.6051417887324004,0.6039325949742692
5.43,0.6051398178319827,0.6039310726094151
5.44,0.6051378448995821,0.6039295485045012
5.45,0.6051358699392329,0.6039280226630521
5.46,0.6051338929549613,0.6039264950885859
5.47,0.6051319139507874,0.6039249657846137
5.48,0.6051299329307223,0.6039234347546403
5.49,0.6051279498987705,0.6039219020021638
5.5,0.6051259648589289,0.6039203675306755
5.51,0.6051239778151869,0.6039188313436603
5.5200000000000005,0.6051219887715262,0.6039172934445967
5.53,0.605119997731922,0.6039157538369563
5.54,0.6051180047003408,0.6039142125242041
5.55,0.605116009680743,0.6039126695097988
5.5600000000000005,0.6051140126770804,0.6039111247971927
5.57,0.6051120136932988,0.6039095783898311
5.58,0.6051100127333355,0.6039080302911531
5.59,0.605108009801121,0.6039064805045915
5.6000000000000005,0.6051060049005785,0.6039049290335723
5.61,0.6051039980356242,0.6039033758815151
5.62,0.6051019892101661,0.6039018210518332
5.63,0.6050999784281058,0.6039002645479333
5.64,0.6050979656933375,0.603898706373216
5.65,0.6050959510097479,0.6038971465310748
5.66,0.6050939343812167,0.6038955850248977
5.67,0.6050919158116164,0.6038940218580657
5.68,0.605089895304812,0.6038924570339534
5.69,0.6050878728646619,0.6038908905559297
5.7,0.605085848495017,0.6038893224273563
5.71,0.6050838221997208,0.603887752651589
5.72,0.6050817939826103,0.6038861812319773
5.73,0.6050797638475147,0.6038846081718647
5.74,0.6050777317982567,0.6038830334745875
5.75,0.6050756978386516,0.6038814571434765
5.76,0.6050736619725077,0.6038798791818563
5.7700000000000005,0.605071624203626,0.6038782995930445
5.78,0.6050695845358012,0.6038767183803532
5.79,0.6050675429728198,0.6038751355470877
5.8,0.6050654995184626,0.6038735510965478
5.8100000000000005,0.6050634541765021,0.6038719650320263
5.82,0.605061406950705,0.6038703773568103
5.83,0.6050593578448301,0.6038687880741804
5.84,0.6050573068626298,0.6038671971874117
5.8500000000000005,0.6050552540078495,0.6038656046997721
5.86,0.6050531992842272,0.6038640106145243
5.87,0.6050511426954945,0.6038624149349244
5.88,0.6050490842453762,0.6038608176642226
5.89,0.6050470239375896,0.6038592188056626
5.9,0.6050449617758453,0.6038576183624825
5.91,0.6050428977638478,0.6038560163379141
5.92,0.6050408319052936,0.603854412735183
5.93,0.6050387642038731,0.6038528075575091
5.94,0.6050366946632698,0.603851200808106
5.95,0.6050346232871602,0.603849592490181
5.96,0.6050325500792141,0.6038479826069361
5.97,0.6050304750430945,0.6038463711615665
5.98,0.6050283981824576,0.603844758157262
5.99,0.605026319500953,0.6038431435972063
6.0,0.6050242390022235,0.603841527484577
6.01,0.6050221566899049,0.6038399098225457
6.0200000000000005,0.6050200725676267,0.6038382906142781
6.03,0.6050179866390115,0.6038366698629339
6.04,0.6050158989076752,0.6038350475716673
6.05,0.605013809377227,0.6038334237436259
6.0600000000000005,0.6050117180512697,0.603831798381952
6.07,0.605009624933399,0.6038301714897818
6.08,0.6050075300272044,0.6038285430702454
6.09,0.6050054333362685,0.6038269131264673
6.1000000000000005,0.6050033348641675,0.6038252816615661
6.11,0.6050012346144708,0.6038236486786548
6.12,0.6049991325907413,0.6038220141808399
6.13,0.6049970287965355,0.6038203781712228
6.140000000000001,0.6049949232354029,0.6038187406528986
6.15,0.6049928159108873,0.603817101628957
6.16,0.6049907068265248,0.6038154611024815
6.17,0.604988595985846,0.6038138190765502
6.18,0.6049864833923746,0.6038121755542352
6.19,0.6049843690496277,0.603810530538603
6.2,0.604982252961116,0.6038088840327143
6.21,0.604980135130344,0.603807236039624
6.22,0.6049780155608093,0.6038055865623817
6.23,0.6049758942560035,0.6038039356040307
6.24,0.6049737712194115,0.6038022831676088
6.25,0.6049716464545118,0.6038006292561484
6.26,0.6049695199647764,0.6037989738726758
6.2700000000000005,0.6049673917536715,0.603797317020212
6.28,0.6049652618246563,0.6037956587017725
6.29,0.6049631301811836,0.6037939989203666
6.3,0.6049609968267003,0.6037923376789983
6.3100000000000005,0.6049588617646469,0.6037906749806661
6.32,0.6049567249984571,0.6037890108283627
6.33,0.604954586531559,0.6037873452250753
6.34,0.6049524463673737,0.6037856781737854
6.3500000000000005,0.6049503045093163,0.6037840096774691
6.36,0.6049481609607958,0.6037823397390971
6.37,0.6049460157252149,0.603780668361634
6.38,0.6049438688059696,0.6037789955480395
6.390000000000001,0.6049417202064504,0.6037773213012673
6.4,0.6049395699300409,0.6037756456242658
6.41,0.604937417980119,0.603773968519978
6.42,0.604935264360056,0.6037722899913411
6.43,0.6049331090732172,0.6037706100412874
6.44,0.6049309521229619,0.6037689286727428
6.45,0.6049287935126427,0.6037672458886287
6.46,0.6049266332456067,0.6037655616918605
6.47,0.6049244713251943,0.6037638760853483
6.48,0.6049223077547404,0.6037621890719969
6.49,0.604920142537573,0.6037605006547052
6.5,0.6049179756770147,0.6037588108363676
6.51,0.6049158071763817,0.6037571196198723
6.5200000000000005,0.6049136370389838,0.6037554270081024
6.53,0.6049114652681257,0.6037537330039358
6.54,0.6049092918671048,0.6037520376102447
6.55,0.6049071168392135,0.6037503408298961
6.5600000000000005,0.6049049401877375,0.6037486426657519
6.57,0.6049027619159568,0.6037469431206681
6.58,0.6049005820271456,0.6037452421974963
6.59,0.6048984005245712,0.6037435398990818
6.6000000000000005,0.6048962174114962,0.6037418362282652
6.61,0.6048940326911763,0.6037401311878815
6.62,0.6048918463668614,0.6037384247807609
6.63,0.6048896584417958,0.6037367170097276
6.640000000000001,0.6048874689192174,0.6037350078776014
6.65,0.6048852778023586,0.6037332973871963
6.66,0.6048830850944453,0.603731585541321
6.67,0.6048808907986984,0.6037298723427793
6.68,0.6048786949183322,0.6037281577943696
6.69,0.6048764974565555,0.6037264418988854
6.7,0.6048742984165706,0.6037247246591144
6.71,0.6048720978015748,0.6037230060778398
6.72,0.6048698956147589,0.6037212861578392
6.73,0.6048676918593083,0.603719564901885
6.74,0.6048654865384026,0.603717842312745
6.75,0.6048632796552148,0.6037161183931811
6.76,0.6048610712129132,0.6037143931459505
6.7700000000000005,0.6048588612146597,0.6037126665738053
6.78,0.6048566496636103,0.6037109386794925
6.79,0.6048544365629158,0.6037092094657537
6.8,0.6048522219157206,0.6037074789353257
6.8100000000000005,0.6048500057251642,0.6037057470909403
6.82,0.6048477879943792,0.6037040139353238
6.83,0.6048455687264935,0.6037022794711978
6.84,0.6048433479246289,0.6037005437012789
6.8500000000000005,0.6048411255919015,0.6036988066282785
6.86,0.6048389017314217,0.6036970682549028
6.87,0.6048366763462942,0.6036953285838533
6.88,0.6048344494396183,0.6036935876178264
6.890000000000001,0.6048322210144874,0.6036918453595135
6.9,0.6048299910739889,0.6036901018116009
6.91,0.6048277596212057,0.6036883569767699
6.92,0.6048255266592139,0.603686610857697
6.93,0.6048232921910843,0.603684863457054
6.94,0.6048210562198827,0.6036831147775069
6.95,0.6048188187486685,0.6036813648217176
6.96,0.6048165797804963,0.6036796135923426
6.97,0.6048143393184143,0.6036778610920337
6.98,0.6048120973654658,0.6036761073234378
6.99,0.6048098539246884,0.6036743522891966
7.0,0.6048076089991139,0.6036725959919472
7.01,0.6048053625917689,0.6036708384343219
7.0200000000000005,0.6048031147056744,0.6036690796189479
7.03,0.6048008653438458,0.6036673195484473
7.04,0.6047986145092932,0.603665558225438
7.05,0.604796362205021,0.6036637956525326
7.0600000000000005,0.6047941084340283,0.6036620318323391
7.07,0.6047918531993086,0.6036602667674603
7.08,0.60478959650385,0.6036585004604946
7.09,0.6047873383506355,0.6036567329140354
7.1000000000000005,0.6047850787426421,0.6036549641306713
7.11,0.6047828176828417,0.6036531941129861
7.12,0.6047805551742007,0.603651422863559
7.13,0.6047782912196804,0.6036496503849642
7.140000000000001,0.6047760258222364,0.6036478766797713
7.15,0.604773758984819,0.6036461017505449
7.16,0.604771490710373,0.6036443255998454
7.17,0.6047692210018382,0.6036425482302277
7.18,0.6047669498621489,0.6036407696442426
7.19,0.6047646772942337,0.6036389898444361
7.2,0.6047624033010165,0.603637208833349
7.21,0.6047601278854156,0.6036354266135184
7.22,0.6047578510503437,0.6036336431874756
7.23,0.6047555727987088,0.6036318585577479
7.24,0.6047532931334136,0.6036300727268578
7.25,0.6047510120573547,0.603628285697323
7.26,0.6047487295734243,0.6036264974716565
7.2700000000000005,0.6047464456845091,0.6036247080523671
7.28,0.6047441603934902,0.603622917441959
7.29,0.6047418737032442,0.6036211256429305
7.3,0.6047395856166418,0.6036193326577772
7.3100000000000005,0.6047372961365489,0.6036175384889885
7.32,0.6047350052658261,0.6036157431390503
7.33,0.6047327130073288,0.6036139466104431
7.34,0.6047304193639069,0.6036121489056435
7.3500000000000005,0.604728124338406,0.6036103500271233
7.36,0.6047258279336654,0.6036085499773494
7.37,0.6047235301525201,0.6036067487587844
7.38,0.6047212309977998,0.6036049463738866
7.390000000000001,0.6047189304723289,0.6036031428251094
7.4,0.6047166285789267,0.6036013381149019
7.41,0.6047143253204075,0.6035995322457086
7.42,0.6047120206995803,0.6035977252199696
7.43,0.6047097147192495,0.6035959170401202
7.44,0.6047074073822136,0.6035941077085916
7.45,0.604705098691267,0.6035922972278104
7.46,0.6047027886491982,0.6035904856001986
7.47,0.6047004772587913,0.6035886728281736
7.48,0.6046981645228247,0.6035868589141489
7.49,0.6046958504440727,0.6035850438605331
7.5,0.6046935350253035,0.6035832276697306
7.51,0.6046912182692812,0.6035814103441411
7.5200000000000005,0.6046889001787642,0.6035795918861602
7.53,0.6046865807565063,0.6035777722981788
7.54,0.6046842600052564,0.6035759515825834
7.55,0.6046819379277582,0.6035741297417567
7.5600000000000005,0.6046796145267503,0.603572306778076
7.57,0.6046772898049669,0.6035704826939154
7.58,0.604674963765137,0.6035686574916437
7.59,0.6046726364099839,0.6035668311736255
7.6000000000000005,0.6046703077422275,0.6035650037422214
7.61,0.6046679777645815,0.6035631751997876
7.62,0.6046656464797552,0.6035613455486757
7.63,0.6046633138904529,0.6035595147912332
7.640000000000001,0.6046609799993743,0.6035576829298028
7.65,0.6046586448092137,0.603555849966724
7.66,0.604656308322661,0.6035540159043309
7.67,0.604653970542401,0.6035521807449536
7.68,0.6046516314711139,0.6035503444909183
7.69,0.6046492911114747,0.6035485071445464
7.7,0.6046469494661537,0.6035466687081555
7.71,0.6046446065378166,0.6035448291840587
7.72,0.6046422623291239,0.6035429885745648
7.73,0.6046399168427319,0.6035411468819785
7.74,0.6046375700812912,0.6035393041086001
7.75,0.6046352220474487,0.603537460256726
7.76,0.6046328727438457,0.603535615328648
7.7700000000000005,0.6046305221731189,0.603533769326654
7.78,0.6046281703379004,0.6035319222530275
7.79,0.6046258172408179,0.6035300741100477
7.8,0.6046234628844935,0.6035282248999899
7.8100000000000005,0.6046211072715452,0.6035263746251254
7.82,0.6046187504045861,0.6035245232877207
7.83,0.6046163922862248,0.6035226708900385
7.84,0.604614032919065,0.6035208174343376
7.8500000000000005,0.6046116723057052,0.6035189629228721
7.86,0.6046093104487403,0.6035171073578925
7.87,0.6046069473507599,0.6035152507416448
7.88,0.6046045830143489,0.603513393076371
7.890000000000001,0.6046022174420875,0.6035115343643093
7.9,0.6045998506365517,0.6035096746076929
7.91,0.6045974826003124,0.6035078138087521
7.92,0.6045951133359361,0.6035059519697124
7.930000000000001,0.6045927428459845,0.603504089092795
7.94,0.6045903711330148,0.6035022251802176
7.95,0.6045879981995799,0.6035003602341937
7.96,0.6045856240482272,0.6034984942569327
7.97,0.6045832486815008,0.6034966272506395
7.98,0.6045808721019392,0.6034947592175159
7.99,0.6045784943120767,0.6034928901597587
8.0,0.6045761153144432,0.6034910200795613
8.01,0.6045737351115634,0.6034891489791132
8.02,0.6045713537059585,0.6034872768605989
8.03,0.6045689711001443,0.6034854037262001
8.040000000000001,0.6045665872966324,0.6034835295780938
8.05,0.6045642022979297,0.6034816544184533
8.06,0.6045618161065391,0.6034797782494478
8.07,0.6045594287249585,0.6034779010732425
8.08,0.6045570401556813,0.6034760228919986
8.09,0.604554650401197,0.6034741437078738
8.1,0.6045522594639896,0.6034722635230212
8.11,0.6045498673465399,0.6034703823395904
8.120000000000001,0.6045474740513233,0.6034685001597266
8.13,0.6045450795808107,0.6034666169855718
8.14,0.6045426839374695,0.6034647328192636
8.15,0.6045402871237618,0.6034628476629358
8.16,0.6045378891421455,0.603460961518718
8.17,0.6045354899950743,0.6034590743887365
8.18,0.6045330896849972,0.603457186275113
8.19,0.6045306882143591,0.6034552971799663
8.2,0.6045282855856001,0.6034534071054101
8.21,0.6045258818011565,0.6034515160535554
8.22,0.6045234768634598,0.6034496240265084
8.23,0.6045210707749371,0.6034477310263722
8.24,0.6045186635380113,0.6034458370552456
8.25,0.6045162551551012,0.6034439421152237
8.26,0.604513845628621,0.6034420462083976
8.27,0.6045114349609801,0.6034401493368551
8.28,0.6045090231545847,0.6034382515026797
8.290000000000001,0.6045066102118356,0.6034363527079509
8.3,0.6045041961351296,0.6034344529547453
8.31,0.60450178092686,0.6034325522451347
8.32,0.6044993645894146,0.6034306505811877
8.33,0.6044969471251778,0.603428747964969
8.34,0.6044945285365291,0.6034268443985394
8.35,0.6044921088258441,0.6034249398839563
8.36,0.6044896879954944,0.6034230344232728
8.370000000000001,0.6044872660478466,0.6034211280185389
8.38,0.6044848429852638,0.6034192206718001
8.39,0.6044824188101046,0.6034173123850988
8.4,0.6044799935247229,0.6034154031604735
8.41,0.6044775671314694,0.6034134929999591
8.42,0.6044751396326897,0.6034115819055861
8.43,0.6044727110307255,0.603409669879382
8.44,0.6044702813279146,0.6034077569233708
8.45,0.6044678505265899,0.6034058430395721
8.46,0.604465418629081,0.6034039282300021
8.47,0.6044629856377126,0.6034020124966736
8.48,0.6044605515548057,0.6034000958415955
8.49,0.6044581163826769,0.6033981782667727
8.5,0.6044556801236387,0.6033962597742071
8.51,0.6044532427799998,0.6033943403658966
8.52,0.6044508043540642,0.6033924200438354
8.53,0.6044483648481321,0.6033904988100142
8.540000000000001,0.6044459242644995,0.6033885766664201
8.55,0.6044434826054587,0.6033866536150364
8.56,0.6044410398732971,0.603384729657843
8.57,0.6044385960702985,0.6033828047968163
8.58,0.6044361511987428,0.6033808790339285
8.59,0.6044337052609056,0.6033789523711488
8.6,0.6044312582590581,0.6033770248104426
8.61,0.6044288101954682,0.6033750963537717
8.620000000000001,0.604426361072399,0.6033731670030944
8.63,0.6044239108921099,0.6033712367603655
8.64,0.6044214596568567,0.6033693056275362
8.65,0.60441900736889,0.6033673736065539
8.66,0.6044165540304576,0.6033654406993627
8.67,0.6044140996438025,0.6033635069079031
8.68,0.6044116442111644,0.6033615722341121
8.69,0.6044091877347781,0.6033596366799232
8.700000000000001,0.6044067302168752,0.6033577002472664
8.71,0.6044042716596829,0.6033557629380681
8.72,0.6044018120654243,0.6033538247542511
8.73,0.6043993514363193,0.6033518856977349
8.74,0.6043968897745826,0.6033499457704354
8.75,0.6043944270824264,0.6033480049742652
8.76,0.6043919633620578,0.6033460633111332
8.77,0.6043894986156804,0.6033441207829449
8.78,0.6043870328454938,0.6033421773916021
8.790000000000001,0.6043845660536937,0.6033402331390039
8.8,0.604382098242472,0.6033382880270449
8.81,0.6043796294140167,0.6033363420576172
8.82,0.6043771595705116,0.6033343952326088
8.83,0.6043746887141369,0.6033324475539046
8.84,0.6043722168470689,0.6033304990233859
8.85,0.6043697439714795,0.6033285496429308
8.86,0.6043672700895377,0.6033265994144139
8.870000000000001,0.6043647952034077,0.6033246483397063
8.88,0.6043623193152505,0.6033226964206757
8.89,0.604359842427223,0.6033207436591865
8.9,0.6043573645414779,0.6033187900570998
8.91,0.6043548856601648,0.6033168356162729
8.92,0.604352405785429,0.6033148803385602
8.93,0.6043499249194121,0.6033129242258127
8.94,0.6043474430642516,0.6033109672798778
8.950000000000001,0.6043449602220816,0.6033090095025995
8.96,0.6043424763950322,0.6033070508958188
8.97,0.6043399915852301,0.6033050914613729
8.98,0.6043375057947973,0.6033031312010964
8.99,0.604335019025853,0.6033011701168195
9.0,0.604332531280512,0.6032992082103701
9.01,0.6043300425608857,0.6032972454835721
9.02,0.6043275528690817,0.6032952819382464
9.03,0.6043250622072034,0.6032933175762107
9.040000000000001,0.6043225705773511,0.6032913523992793
9.05,0.6043200779816207,0.6032893864092628
9.06,0.6043175844221053,0.6032874196079692
9.07,0.6043150899008934,0.6032854519972026
9.08,0.6043125944200702,0.6032834835787644
9.09,0.6043100979817169,0.6032815143544522
9.1,0.6043076005879116,0.6032795443260608
9.11,0.6043051022407278,0.6032775734953812
9.120000000000001,0.604302602942236,0.603275601864202
9.13,0.6043001026945032,0.6032736294343077
9.14,0.6042976014995919,0.6032716562074802
9.15,0.6042950993595615,0.6032696821854975
9.16,0.6042925962764679,0.6032677073701349
9.17,0.6042900922523629,0.6032657317631644
9.18,0.6042875872892947,0.6032637553663548
9.19,0.6042850813893083,0.6032617781814715
9.200000000000001,0.6042825745544445,0.603259800210277
9.21,0.6042800667867408,0.6032578214545303
9.22,0.6042775580882314,0.6032558419159875
9.23,0.6042750484609458,0.6032538615964009
9.24,0.6042725379069112,0.6032518804975207
9.25,0.6042700264281506,0.6032498986210928
9.26,0.6042675140266831,0.6032479159688611
9.27,0.6042650007045246,0.6032459325425651
9.28,0.6042624864636876,0.603243948343942
9.290000000000001,0.6042599713061806,0.6032419633747257
9.3,0.6042574552340088,0.6032399776366467
9.31,0.6042549382491738,0.6032379911314325
9.32,0.6042524203536734,0.6032360038608078
9.33,0.6042499015495023,0.6032340158264937
9.34,0.6042473818386513,0.6032320270302085
9.35,0.6042448612231077,0.603230037473667
9.36,0.6042423397048559,0.6032280471585814
9.370000000000001,0.6042398172858755,0.6032260560866606
9.38,0.604237293968144,0.6032240642596101
9.39,0.6042347697536342,0.6032220716791328
9.4,0.6042322446443164,0.6032200783469284
9.41,0.6042297186421566,0.603218084264693
9.42,0.6042271917491178,0.6032160894341208
9.43,0.6042246639671595,0.6032140938569014
9.44,0.6042221352982374,0.6032120975347227
9.450000000000001,0.6042196057443041,0.6032101004692687
9.46,0.6042170753073086,0.6032081026622209
9.47,0.6042145439891963,0.6032061041152572
9.48,0.6042120117919092,0.6032041048300532
9.49,0.6042094787173864,0.6032021048082805
9.5,0.6042069447675625,0.6032001040516088
9.51,0.6042044099443697,0.6031981025617037
9.52,0.6042018742497364,0.6031961003402286
9.53,0.6041993376855872,0.6031940973888434
9.540000000000001,0.6041968002538438,0.6031920937092056
9.55,0.6041942619564244,0.6031900893029687
9.56,0.6041917227952438,0.603188084171784
9.57,0.604189182772213,0.6031860783173001
9.58,0.6041866418892404,0.6031840717411616
9.59,0.6041841001482304,0.6031820644450108
9.6,0.6041815575510842,0.6031800564304868
9.61,0.6041790140996997,0.6031780476992263
9.620000000000001,0.6041764697959713,0.6031760382528621
9.63,0.6041739246417902,0.6031740280930249
9.64,0.6041713786390441,0.6031720172213417
9.65,0.6041688317896178,0.6031700056394373
9.66,0.6041662840953921,0.6031679933489331
9.67,0.6041637355582448,0.6031659803514476
9.68,0.6041611861800505,0.6031639666485968
9.69,0.6041586359626805,0.6031619522419931
9.700000000000001,0.6041560849080021,0.6031599371332466
9.71,0.6041535330178804,0.603157921323964
9.72,0.6041509802941765,0.6031559048157495
9.73,0.6041484267387482,0.6031538876102043
9.74,0.6041458723534504,0.6031518697089264
9.75,0.6041433171401345,0.6031498511135115
9.76,0.6041407611006484,0.6031478318255521
9.77,0.6041382042368372,0.6031458118466374
9.78,0.6041356465505423,0.6031437911783546
9.790000000000001,0.6041330880436021,0.6031417698222874
9.8,0.6041305287178518,0.6031397477800168
9.81,0.6041279685751232,0.6031377250531211
9.82,0.6041254076172449,0.6031357016431753
9.83,0.6041228458460424,0.6031336775517524
9.84,0.6041202832633377,0.6031316527804218
9.85,0.6041177198709498,0.6031296273307505
9.86,0.6041151556706944,0.6031276012043021
9.870000000000001,0.604112590664384,0.603125574402638
9.88,0.6041100248538283,0.6031235469273168
9.89,0.604107458240833,0.6031215187798938
9.9,0.6041048908272011,0.6031194899619219
9.91,0.6041023226147326,0.603117460474951
9.92,0.6040997536052239,0.603115430320528
9.93,0.6040971838004685,0.6031133995001976
9.94,0.6040946132022564,0.6031113680155014
9.950000000000001,0.6040920418123752,0.603109335867978
9.96,0.6040894696326085,0.6031073030591636
9.97,0.604086896664737,0.6031052695905914
9.98,0.6040843229105386,0.603103235463792
9.99,0.6040817483717875,0.6031012006802929
10.0,0.6040791730502555,0.6030991652416193
