Split,train,test,Model_ID,Attribute
0,0.9507246376811594,0.881159420289855,knn,2.0
1,0.9550724637681159,0.8971014492753623,knn,2.0
2,0.9521739130434783,0.9130434782608695,knn,2.0
3,0.9539855072463768,0.8840579710144928,knn,2.0
4,0.9576086956521739,0.8971014492753623,knn,2.0
0,0.9489130434782609,0.8985507246376812,knn,3.0
1,0.9510869565217391,0.9014492753623189,knn,3.0
2,0.9507246376811594,0.9318840579710145,knn,3.0
3,0.9532608695652174,0.9057971014492754,knn,3.0
4,0.9521739130434783,0.8971014492753623,knn,3.0
0,0.9365942028985508,0.9,knn,4.0
1,0.9329710144927537,0.8971014492753623,knn,4.0
2,0.9322463768115942,0.9217391304347826,knn,4.0
3,0.9344202898550724,0.8942028985507247,knn,4.0
4,0.9365942028985508,0.8913043478260869,knn,4.0
0,0.933695652173913,0.9028985507246376,knn,5.0
1,0.9333333333333333,0.8971014492753623,knn,5.0
2,0.9297101449275362,0.9231884057971015,knn,5.0
3,0.9351449275362319,0.9028985507246376,knn,5.0
4,0.9365942028985508,0.8985507246376812,knn,5.0
0,0.9257246376811594,0.8956521739130435,knn,6.0
1,0.9264492753623188,0.8927536231884058,knn,6.0
2,0.9173913043478261,0.9260869565217391,knn,6.0
3,0.9289855072463769,0.9,knn,6.0
4,0.9268115942028986,0.8913043478260869,knn,6.0
0,0.925,0.9014492753623189,knn,7.0
1,0.9260869565217391,0.8927536231884058,knn,7.0
2,0.9166666666666666,0.927536231884058,knn,7.0
3,0.9271739130434783,0.908695652173913,knn,7.0
4,0.9300724637681159,0.9014492753623189,knn,7.0
0,0.9217391304347826,0.8971014492753623,knn,8.0
1,0.922463768115942,0.8942028985507247,knn,8.0
2,0.9126811594202898,0.9231884057971015,knn,8.0
3,0.9199275362318841,0.9057971014492754,knn,8.0
4,0.9213768115942029,0.8913043478260869,knn,8.0
0,0.9217391304347826,0.9014492753623189,knn,9.0
1,0.9260869565217391,0.8942028985507247,knn,9.0
2,0.9163043478260869,0.9260869565217391,knn,9.0
3,0.922463768115942,0.9014492753623189,knn,9.0
4,0.9264492753623188,0.8942028985507247,knn,9.0
0,0.9173913043478261,0.8985507246376812,knn,10.0
1,0.9192028985507247,0.8942028985507247,knn,10.0
2,0.9101449275362319,0.9246376811594202,knn,10.0
3,0.9177536231884058,0.8927536231884058,knn,10.0
4,0.9166666666666666,0.8942028985507247,knn,10.0
0,0.9195652173913044,0.8985507246376812,knn,11.0
1,0.9213768115942029,0.8971014492753623,knn,11.0
2,0.9141304347826087,0.9231884057971015,knn,11.0
3,0.9184782608695652,0.8913043478260869,knn,11.0
4,0.9213768115942029,0.8942028985507247,knn,11.0
0,0.9144927536231884,0.9028985507246376,knn,12.0
1,0.9170289855072464,0.8913043478260869,knn,12.0
2,0.9061594202898551,0.9188405797101449,knn,12.0
3,0.9115942028985508,0.8927536231884058,knn,12.0
4,0.9173913043478261,0.8927536231884058,knn,12.0
0,0.9163043478260869,0.9072463768115943,knn,13.0
1,0.9202898550724637,0.8927536231884058,knn,13.0
2,0.9090579710144927,0.9202898550724637,knn,13.0
3,0.9155797101449276,0.8942028985507247,knn,13.0
4,0.9177536231884058,0.8927536231884058,knn,13.0
0,0.913768115942029,0.9014492753623189,knn,14.0
1,0.9148550724637681,0.8942028985507247,knn,14.0
2,0.9018115942028986,0.9173913043478261,knn,14.0
3,0.9115942028985508,0.8956521739130435,knn,14.0
4,0.9094202898550725,0.8869565217391304,knn,14.0
0,0.9126811594202898,0.9028985507246376,knn,15.0
1,0.9115942028985508,0.8869565217391304,knn,15.0
2,0.9057971014492754,0.9202898550724637,knn,15.0
3,0.9159420289855073,0.8971014492753623,knn,15.0
4,0.9119565217391304,0.8884057971014493,knn,15.0
0,0.9130434782608695,0.9014492753623189,knn,16.0
1,0.9083333333333333,0.8898550724637682,knn,16.0
2,0.9061594202898551,0.9231884057971015,knn,16.0
3,0.9101449275362319,0.8927536231884058,knn,16.0
4,0.9105072463768116,0.8898550724637682,knn,16.0
0,0.9101449275362319,0.9014492753623189,knn,17.0
1,0.9112318840579711,0.8913043478260869,knn,17.0
2,0.907608695652174,0.9202898550724637,knn,17.0
3,0.9123188405797101,0.8971014492753623,knn,17.0
4,0.9119565217391304,0.8927536231884058,knn,17.0
0,0.9061594202898551,0.8985507246376812,knn,18.0
1,0.9050724637681159,0.8898550724637682,knn,18.0
2,0.9,0.9188405797101449,knn,18.0
3,0.907608695652174,0.8942028985507247,knn,18.0
4,0.9079710144927536,0.8898550724637682,knn,18.0
0,0.9072463768115943,0.8985507246376812,knn,19.0
1,0.9101449275362319,0.8927536231884058,knn,19.0
2,0.9036231884057971,0.9260869565217391,knn,19.0
3,0.908695652173913,0.8985507246376812,knn,19.0
4,0.9105072463768116,0.8927536231884058,knn,19.0
0,0.9065217391304348,0.8971014492753623,knn,20.0
1,0.9054347826086957,0.8927536231884058,knn,20.0
2,0.9003623188405797,0.9217391304347826,knn,20.0
3,0.9057971014492754,0.8971014492753623,knn,20.0
4,0.9090579710144927,0.8913043478260869,knn,20.0
0,0.9079710144927536,0.9,knn,21.0
1,0.908695652173913,0.8913043478260869,knn,21.0
2,0.902536231884058,0.9246376811594202,knn,21.0
3,0.9079710144927536,0.9,knn,21.0
4,0.9072463768115943,0.8927536231884058,knn,21.0
0,0.9032608695652173,0.8956521739130435,knn,22.0
1,0.9068840579710145,0.8927536231884058,knn,22.0
2,0.9010869565217391,0.9217391304347826,knn,22.0
3,0.9057971014492754,0.8971014492753623,knn,22.0
4,0.9068840579710145,0.8884057971014493,knn,22.0
0,0.9047101449275362,0.9028985507246376,knn,23.0
1,0.9112318840579711,0.8942028985507247,knn,23.0
2,0.9018115942028986,0.9217391304347826,knn,23.0
3,0.907608695652174,0.8971014492753623,knn,23.0
4,0.9105072463768116,0.8913043478260869,knn,23.0
0,0.9007246376811594,0.8956521739130435,knn,24.0
1,0.9072463768115943,0.8913043478260869,knn,24.0
2,0.8992753623188405,0.9173913043478261,knn,24.0
3,0.9018115942028986,0.8942028985507247,knn,24.0
4,0.9047101449275362,0.8855072463768116,knn,24.0
0,0.902536231884058,0.9014492753623189,knn,25.0
1,0.9101449275362319,0.8898550724637682,knn,25.0
2,0.9018115942028986,0.9246376811594202,knn,25.0
3,0.9032608695652173,0.8956521739130435,knn,25.0
4,0.9101449275362319,0.8913043478260869,knn,25.0
0,0.8996376811594203,0.8971014492753623,knn,26.0
1,0.9072463768115943,0.8884057971014493,knn,26.0
2,0.8996376811594203,0.9217391304347826,knn,26.0
3,0.8992753623188405,0.8927536231884058,knn,26.0
4,0.9068840579710145,0.8913043478260869,knn,26.0
0,0.902536231884058,0.8942028985507247,knn,27.0
1,0.908695652173913,0.8869565217391304,knn,27.0
2,0.9003623188405797,0.9231884057971015,knn,27.0
3,0.902536231884058,0.8971014492753623,knn,27.0
4,0.9101449275362319,0.8927536231884058,knn,27.0
0,0.9003623188405797,0.8898550724637682,knn,28.0
1,0.907608695652174,0.8855072463768116,knn,28.0
2,0.8971014492753623,0.9217391304347826,knn,28.0
3,0.9007246376811594,0.8942028985507247,knn,28.0
4,0.9079710144927536,0.8898550724637682,knn,28.0
0,0.9054347826086957,0.8956521739130435,knn,29.0
1,0.9090579710144927,0.8855072463768116,knn,29.0
2,0.9007246376811594,0.9217391304347826,knn,29.0
3,0.9036231884057971,0.8942028985507247,knn,29.0
4,0.9094202898550725,0.8927536231884058,knn,29.0
0,0.9043478260869565,0.8898550724637682,knn,30.0
1,0.9090579710144927,0.8884057971014493,knn,30.0
2,0.8996376811594203,0.927536231884058,knn,30.0
3,0.9021739130434783,0.8927536231884058,knn,30.0
4,0.908695652173913,0.8898550724637682,knn,30.0
0,0.9047101449275362,0.8898550724637682,knn,31.0
1,0.907608695652174,0.8884057971014493,knn,31.0
2,0.9010869565217391,0.927536231884058,knn,31.0
3,0.9054347826086957,0.8956521739130435,knn,31.0
4,0.9119565217391304,0.8927536231884058,knn,31.0
0,0.9043478260869565,0.8884057971014493,knn,32.0
1,0.9079710144927536,0.8884057971014493,knn,32.0
2,0.8981884057971015,0.927536231884058,knn,32.0
3,0.9057971014492754,0.8898550724637682,knn,32.0
4,0.9105072463768116,0.8942028985507247,knn,32.0
0,0.9039855072463768,0.8942028985507247,knn,33.0
1,0.9094202898550725,0.8898550724637682,knn,33.0
2,0.8996376811594203,0.9304347826086956,knn,33.0
3,0.9061594202898551,0.8985507246376812,knn,33.0
4,0.9108695652173913,0.8942028985507247,knn,33.0
0,0.9028985507246376,0.8956521739130435,knn,34.0
1,0.9083333333333333,0.8898550724637682,knn,34.0
2,0.8989130434782608,0.9289855072463769,knn,34.0
3,0.9065217391304348,0.8956521739130435,knn,34.0
4,0.9083333333333333,0.8913043478260869,knn,34.0
0,0.9021739130434783,0.8942028985507247,knn,35.0
1,0.9094202898550725,0.8869565217391304,knn,35.0
2,0.9018115942028986,0.9304347826086956,knn,35.0
3,0.9065217391304348,0.8971014492753623,knn,35.0
4,0.9097826086956522,0.8942028985507247,knn,35.0
0,0.9021739130434783,0.8985507246376812,knn,36.0
1,0.9068840579710145,0.8884057971014493,knn,36.0
2,0.8996376811594203,0.927536231884058,knn,36.0
3,0.9047101449275362,0.8971014492753623,knn,36.0
4,0.9090579710144927,0.8927536231884058,knn,36.0
0,0.9039855072463768,0.8985507246376812,knn,37.0
1,0.9094202898550725,0.8855072463768116,knn,37.0
2,0.8989130434782608,0.927536231884058,knn,37.0
3,0.9050724637681159,0.8971014492753623,knn,37.0
4,0.9083333333333333,0.9,knn,37.0
0,0.8989130434782608,0.8985507246376812,knn,38.0
1,0.9061594202898551,0.8869565217391304,knn,38.0
2,0.8974637681159421,0.927536231884058,knn,38.0
3,0.9054347826086957,0.8956521739130435,knn,38.0
4,0.9072463768115943,0.8971014492753623,knn,38.0
0,0.9036231884057971,0.9,knn,39.0
1,0.9079710144927536,0.8826086956521739,knn,39.0
2,0.8971014492753623,0.9260869565217391,knn,39.0
3,0.9032608695652173,0.8971014492753623,knn,39.0
4,0.9119565217391304,0.9014492753623189,knn,39.0
0,0.9014492753623189,0.9014492753623189,knn,40.0
1,0.9068840579710145,0.881159420289855,knn,40.0
2,0.8945652173913043,0.9231884057971015,knn,40.0
3,0.9043478260869565,0.8971014492753623,knn,40.0
4,0.9090579710144927,0.9,knn,40.0
0,0.9007246376811594,0.9014492753623189,knn,41.0
1,0.908695652173913,0.8826086956521739,knn,41.0
2,0.8952898550724637,0.9217391304347826,knn,41.0
3,0.9061594202898551,0.8985507246376812,knn,41.0
4,0.9115942028985508,0.9,knn,41.0
0,0.9007246376811594,0.9043478260869565,knn,42.0
1,0.907608695652174,0.881159420289855,knn,42.0
2,0.8942028985507247,0.9217391304347826,knn,42.0
3,0.902536231884058,0.8971014492753623,knn,42.0
4,0.9101449275362319,0.8985507246376812,knn,42.0
0,0.9018115942028986,0.9043478260869565,knn,43.0
1,0.9094202898550725,0.8855072463768116,knn,43.0
2,0.8942028985507247,0.9217391304347826,knn,43.0
3,0.9043478260869565,0.8956521739130435,knn,43.0
4,0.9097826086956522,0.9014492753623189,knn,43.0
0,0.8996376811594203,0.9043478260869565,knn,44.0
1,0.9094202898550725,0.8855072463768116,knn,44.0
2,0.8931159420289855,0.9202898550724637,knn,44.0
3,0.9039855072463768,0.8942028985507247,knn,44.0
4,0.9097826086956522,0.9014492753623189,knn,44.0
0,0.9039855072463768,0.9028985507246376,knn,45.0
1,0.9115942028985508,0.8840579710144928,knn,45.0
2,0.8960144927536232,0.9217391304347826,knn,45.0
3,0.9065217391304348,0.8927536231884058,knn,45.0
4,0.9108695652173913,0.9043478260869565,knn,45.0
0,0.9021739130434783,0.9014492753623189,knn,46.0
1,0.9126811594202898,0.8826086956521739,knn,46.0
2,0.894927536231884,0.9202898550724637,knn,46.0
3,0.9054347826086957,0.8927536231884058,knn,46.0
4,0.9072463768115943,0.9043478260869565,knn,46.0
0,0.902536231884058,0.8985507246376812,knn,47.0
1,0.9126811594202898,0.8840579710144928,knn,47.0
2,0.8956521739130435,0.9173913043478261,knn,47.0
3,0.9050724637681159,0.8913043478260869,knn,47.0
4,0.9072463768115943,0.9043478260869565,knn,47.0
0,0.9021739130434783,0.8985507246376812,knn,48.0
1,0.9097826086956522,0.8826086956521739,knn,48.0
2,0.8963768115942029,0.9231884057971015,knn,48.0
3,0.9043478260869565,0.8898550724637682,knn,48.0
4,0.907608695652174,0.9028985507246376,knn,48.0
0,0.9032608695652173,0.8985507246376812,knn,49.0
1,0.9105072463768116,0.881159420289855,knn,49.0
2,0.8971014492753623,0.9202898550724637,knn,49.0
3,0.9054347826086957,0.8898550724637682,knn,49.0
4,0.9090579710144927,0.9043478260869565,knn,49.0
0,0.9021739130434783,0.9,knn,50.0
1,0.9090579710144927,0.8797101449275362,knn,50.0
2,0.8974637681159421,0.9231884057971015,knn,50.0
3,0.9043478260869565,0.8855072463768116,knn,50.0
4,0.9079710144927536,0.9043478260869565,knn,50.0
0,0.9039855072463768,0.9014492753623189,knn,51.0
1,0.9090579710144927,0.881159420289855,knn,51.0
2,0.8992753623188405,0.9188405797101449,knn,51.0
3,0.9047101449275362,0.8869565217391304,knn,51.0
4,0.9105072463768116,0.9043478260869565,knn,51.0
0,0.902536231884058,0.9028985507246376,knn,52.0
1,0.9090579710144927,0.8797101449275362,knn,52.0
2,0.8989130434782608,0.9202898550724637,knn,52.0
3,0.9061594202898551,0.8855072463768116,knn,52.0
4,0.9097826086956522,0.9028985507246376,knn,52.0
0,0.9018115942028986,0.8985507246376812,knn,53.0
1,0.9115942028985508,0.8797101449275362,knn,53.0
2,0.8996376811594203,0.9173913043478261,knn,53.0
3,0.9079710144927536,0.8884057971014493,knn,53.0
4,0.9101449275362319,0.9028985507246376,knn,53.0
0,0.9021739130434783,0.9043478260869565,knn,54.0
1,0.9094202898550725,0.8797101449275362,knn,54.0
2,0.8974637681159421,0.9202898550724637,knn,54.0
3,0.9061594202898551,0.8898550724637682,knn,54.0
4,0.9094202898550725,0.9043478260869565,knn,54.0
0,0.9018115942028986,0.8985507246376812,knn,55.0
1,0.9105072463768116,0.8797101449275362,knn,55.0
2,0.8981884057971015,0.9202898550724637,knn,55.0
3,0.907608695652174,0.8884057971014493,knn,55.0
4,0.9112318840579711,0.9057971014492754,knn,55.0
0,0.902536231884058,0.9,knn,56.0
1,0.9097826086956522,0.8782608695652174,knn,56.0
2,0.8971014492753623,0.9217391304347826,knn,56.0
3,0.9068840579710145,0.8898550724637682,knn,56.0
4,0.9108695652173913,0.9057971014492754,knn,56.0
0,0.9014492753623189,0.8956521739130435,knn,57.0
1,0.9108695652173913,0.881159420289855,knn,57.0
2,0.8985507246376812,0.9217391304347826,knn,57.0
3,0.9072463768115943,0.8898550724637682,knn,57.0
4,0.908695652173913,0.9057971014492754,knn,57.0
0,0.9010869565217391,0.8927536231884058,knn,58.0
1,0.9108695652173913,0.8797101449275362,knn,58.0
2,0.8981884057971015,0.9217391304347826,knn,58.0
3,0.9057971014492754,0.8913043478260869,knn,58.0
4,0.9090579710144927,0.9057971014492754,knn,58.0
0,0.9007246376811594,0.8956521739130435,knn,59.0
1,0.9115942028985508,0.8855072463768116,knn,59.0
2,0.8992753623188405,0.9231884057971015,knn,59.0
3,0.9061594202898551,0.8942028985507247,knn,59.0
4,0.9094202898550725,0.908695652173913,knn,59.0
0,0.9014492753623189,0.8956521739130435,knn,60.0
1,0.9119565217391304,0.881159420289855,knn,60.0
2,0.8989130434782608,0.9231884057971015,knn,60.0
3,0.9054347826086957,0.8898550724637682,knn,60.0
4,0.907608695652174,0.9072463768115943,knn,60.0
0,0.8996376811594203,0.8956521739130435,knn,61.0
1,0.9105072463768116,0.8855072463768116,knn,61.0
2,0.9,0.9202898550724637,knn,61.0
3,0.9068840579710145,0.8913043478260869,knn,61.0
4,0.9090579710144927,0.908695652173913,knn,61.0
0,0.9,0.8956521739130435,knn,62.0
1,0.9105072463768116,0.881159420289855,knn,62.0
2,0.9007246376811594,0.9202898550724637,knn,62.0
3,0.9057971014492754,0.8942028985507247,knn,62.0
4,0.908695652173913,0.9072463768115943,knn,62.0
0,0.9010869565217391,0.8956521739130435,knn,63.0
1,0.9123188405797101,0.8840579710144928,knn,63.0
2,0.9007246376811594,0.9202898550724637,knn,63.0
3,0.9079710144927536,0.8942028985507247,knn,63.0
4,0.9101449275362319,0.9101449275362319,knn,63.0
0,0.9007246376811594,0.8971014492753623,knn,64.0
1,0.9119565217391304,0.881159420289855,knn,64.0
2,0.9,0.9217391304347826,knn,64.0
3,0.9068840579710145,0.8942028985507247,knn,64.0
4,0.9083333333333333,0.9072463768115943,knn,64.0
0,0.9014492753623189,0.8971014492753623,knn,65.0
1,0.9126811594202898,0.8826086956521739,knn,65.0
2,0.9036231884057971,0.9188405797101449,knn,65.0
3,0.9061594202898551,0.8956521739130435,knn,65.0
4,0.907608695652174,0.908695652173913,knn,65.0
0,0.9007246376811594,0.9,knn,66.0
1,0.9112318840579711,0.8826086956521739,knn,66.0
2,0.9014492753623189,0.9188405797101449,knn,66.0
3,0.9072463768115943,0.8942028985507247,knn,66.0
4,0.9068840579710145,0.9057971014492754,knn,66.0
0,0.9007246376811594,0.9,knn,67.0
1,0.9141304347826087,0.8840579710144928,knn,67.0
2,0.9021739130434783,0.9202898550724637,knn,67.0
3,0.9079710144927536,0.9,knn,67.0
4,0.9079710144927536,0.9101449275362319,knn,67.0
0,0.9014492753623189,0.9014492753623189,knn,68.0
1,0.9141304347826087,0.8782608695652174,knn,68.0
2,0.8996376811594203,0.9202898550724637,knn,68.0
3,0.9079710144927536,0.8971014492753623,knn,68.0
4,0.9083333333333333,0.908695652173913,knn,68.0
0,0.9007246376811594,0.9,knn,69.0
1,0.9134057971014493,0.881159420289855,knn,69.0
2,0.9010869565217391,0.9217391304347826,knn,69.0
3,0.9083333333333333,0.9,knn,69.0
4,0.9090579710144927,0.9130434782608695,knn,69.0
0,0.9010869565217391,0.9014492753623189,knn,70.0
1,0.9144927536231884,0.8797101449275362,knn,70.0
2,0.9003623188405797,0.9188405797101449,knn,70.0
3,0.9090579710144927,0.9014492753623189,knn,70.0
4,0.9108695652173913,0.9101449275362319,knn,70.0
0,0.9018115942028986,0.8985507246376812,knn,71.0
1,0.9152173913043479,0.881159420289855,knn,71.0
2,0.9018115942028986,0.9188405797101449,knn,71.0
3,0.9094202898550725,0.9057971014492754,knn,71.0
4,0.9101449275362319,0.9130434782608695,knn,71.0
0,0.9021739130434783,0.8985507246376812,knn,72.0
1,0.9148550724637681,0.8797101449275362,knn,72.0
2,0.9010869565217391,0.9202898550724637,knn,72.0
3,0.9101449275362319,0.9043478260869565,knn,72.0
4,0.9108695652173913,0.908695652173913,knn,72.0
0,0.9043478260869565,0.8971014492753623,knn,73.0
1,0.9152173913043479,0.881159420289855,knn,73.0
2,0.9021739130434783,0.9202898550724637,knn,73.0
3,0.908695652173913,0.9014492753623189,knn,73.0
4,0.9108695652173913,0.9144927536231884,knn,73.0
0,0.9047101449275362,0.9014492753623189,knn,74.0
1,0.9144927536231884,0.8826086956521739,knn,74.0
2,0.9028985507246376,0.9188405797101449,knn,74.0
3,0.9097826086956522,0.9014492753623189,knn,74.0
4,0.9112318840579711,0.9144927536231884,knn,74.0
0,0.9050724637681159,0.8971014492753623,knn,75.0
1,0.9126811594202898,0.881159420289855,knn,75.0
2,0.9032608695652173,0.9260869565217391,knn,75.0
3,0.9083333333333333,0.9028985507246376,knn,75.0
4,0.9101449275362319,0.9144927536231884,knn,75.0
0,0.9061594202898551,0.9014492753623189,knn,76.0
1,0.9126811594202898,0.8797101449275362,knn,76.0
2,0.9010869565217391,0.9217391304347826,knn,76.0
3,0.9083333333333333,0.9014492753623189,knn,76.0
4,0.9101449275362319,0.9144927536231884,knn,76.0
0,0.9061594202898551,0.8985507246376812,knn,77.0
1,0.9134057971014493,0.8797101449275362,knn,77.0
2,0.9028985507246376,0.9246376811594202,knn,77.0
3,0.9094202898550725,0.9,knn,77.0
4,0.9101449275362319,0.9144927536231884,knn,77.0
0,0.9050724637681159,0.9014492753623189,knn,78.0
1,0.9126811594202898,0.8782608695652174,knn,78.0
2,0.9010869565217391,0.927536231884058,knn,78.0
3,0.9090579710144927,0.8985507246376812,knn,78.0
4,0.9094202898550725,0.9144927536231884,knn,78.0
0,0.9083333333333333,0.9028985507246376,knn,79.0
1,0.9123188405797101,0.8782608695652174,knn,79.0
2,0.9021739130434783,0.9289855072463769,knn,79.0
3,0.9079710144927536,0.8971014492753623,knn,79.0
4,0.9094202898550725,0.9130434782608695,knn,79.0
0,0.9068840579710145,0.9014492753623189,knn,80.0
1,0.9130434782608695,0.8797101449275362,knn,80.0
2,0.9014492753623189,0.9289855072463769,knn,80.0
3,0.907608695652174,0.8942028985507247,knn,80.0
4,0.9083333333333333,0.9144927536231884,knn,80.0
0,0.9083333333333333,0.9014492753623189,knn,81.0
1,0.9134057971014493,0.8797101449275362,knn,81.0
2,0.902536231884058,0.9289855072463769,knn,81.0
3,0.908695652173913,0.8985507246376812,knn,81.0
4,0.907608695652174,0.9130434782608695,knn,81.0
0,0.9068840579710145,0.9043478260869565,knn,82.0
1,0.9141304347826087,0.8797101449275362,knn,82.0
2,0.9007246376811594,0.9289855072463769,knn,82.0
3,0.9083333333333333,0.8942028985507247,knn,82.0
4,0.9083333333333333,0.9115942028985508,knn,82.0
0,0.9068840579710145,0.9014492753623189,knn,83.0
1,0.9134057971014493,0.8797101449275362,knn,83.0
2,0.9014492753623189,0.9304347826086956,knn,83.0
3,0.9090579710144927,0.8985507246376812,knn,83.0
4,0.9097826086956522,0.9159420289855073,knn,83.0
0,0.9065217391304348,0.9057971014492754,knn,84.0
1,0.9141304347826087,0.8797101449275362,knn,84.0
2,0.9018115942028986,0.9289855072463769,knn,84.0
3,0.9079710144927536,0.8942028985507247,knn,84.0
4,0.9083333333333333,0.9144927536231884,knn,84.0
0,0.9068840579710145,0.8985507246376812,knn,85.0
1,0.9126811594202898,0.8826086956521739,knn,85.0
2,0.9021739130434783,0.9318840579710145,knn,85.0
3,0.9083333333333333,0.8942028985507247,knn,85.0
4,0.907608695652174,0.9144927536231884,knn,85.0
0,0.9072463768115943,0.8985507246376812,knn,86.0
1,0.9134057971014493,0.8826086956521739,knn,86.0
2,0.9003623188405797,0.9304347826086956,knn,86.0
3,0.9097826086956522,0.8956521739130435,knn,86.0
4,0.9072463768115943,0.9144927536231884,knn,86.0
0,0.9072463768115943,0.9,knn,87.0
1,0.9123188405797101,0.8826086956521739,knn,87.0
2,0.9,0.9304347826086956,knn,87.0
3,0.908695652173913,0.8971014492753623,knn,87.0
4,0.9090579710144927,0.9144927536231884,knn,87.0
0,0.9068840579710145,0.9028985507246376,knn,88.0
1,0.9119565217391304,0.881159420289855,knn,88.0
2,0.8978260869565218,0.9304347826086956,knn,88.0
3,0.907608695652174,0.8942028985507247,knn,88.0
4,0.9090579710144927,0.9130434782608695,knn,88.0
0,0.9083333333333333,0.9,knn,89.0
1,0.9123188405797101,0.8826086956521739,knn,89.0
2,0.9,0.9318840579710145,knn,89.0
3,0.9065217391304348,0.8971014492753623,knn,89.0
4,0.908695652173913,0.9115942028985508,knn,89.0
0,0.9065217391304348,0.9014492753623189,knn,90.0
1,0.9123188405797101,0.8826086956521739,knn,90.0
2,0.9,0.9304347826086956,knn,90.0
3,0.9068840579710145,0.8956521739130435,knn,90.0
4,0.9090579710144927,0.9115942028985508,knn,90.0
0,0.9072463768115943,0.8985507246376812,knn,91.0
1,0.9123188405797101,0.8840579710144928,knn,91.0
2,0.9,0.9318840579710145,knn,91.0
3,0.9079710144927536,0.8956521739130435,knn,91.0
4,0.908695652173913,0.9101449275362319,knn,91.0
0,0.9054347826086957,0.9014492753623189,knn,92.0
1,0.9134057971014493,0.881159420289855,knn,92.0
2,0.9,0.9333333333333333,knn,92.0
3,0.9083333333333333,0.8956521739130435,knn,92.0
4,0.9090579710144927,0.9101449275362319,knn,92.0
0,0.9065217391304348,0.9,knn,93.0
1,0.9141304347826087,0.881159420289855,knn,93.0
2,0.8992753623188405,0.9318840579710145,knn,93.0
3,0.9072463768115943,0.8971014492753623,knn,93.0
4,0.9079710144927536,0.908695652173913,knn,93.0
0,0.9047101449275362,0.9,knn,94.0
1,0.9148550724637681,0.8826086956521739,knn,94.0
2,0.8989130434782608,0.9304347826086956,knn,94.0
3,0.9054347826086957,0.8956521739130435,knn,94.0
4,0.9083333333333333,0.9057971014492754,knn,94.0
0,0.9054347826086957,0.9014492753623189,knn,95.0
1,0.9144927536231884,0.881159420289855,knn,95.0
2,0.9014492753623189,0.9318840579710145,knn,95.0
3,0.9065217391304348,0.8942028985507247,knn,95.0
4,0.9083333333333333,0.9072463768115943,knn,95.0
0,0.9039855072463768,0.9,knn,96.0
1,0.9141304347826087,0.8826086956521739,knn,96.0
2,0.9007246376811594,0.9304347826086956,knn,96.0
3,0.9061594202898551,0.8956521739130435,knn,96.0
4,0.9090579710144927,0.9057971014492754,knn,96.0
0,0.9050724637681159,0.9,knn,97.0
1,0.9152173913043479,0.881159420289855,knn,97.0
2,0.9007246376811594,0.9304347826086956,knn,97.0
3,0.9065217391304348,0.8956521739130435,knn,97.0
4,0.9072463768115943,0.9028985507246376,knn,97.0
0,0.9039855072463768,0.9014492753623189,knn,98.0
1,0.913768115942029,0.8840579710144928,knn,98.0
2,0.9014492753623189,0.9318840579710145,knn,98.0
3,0.9061594202898551,0.8985507246376812,knn,98.0
4,0.9083333333333333,0.9043478260869565,knn,98.0
0,0.9043478260869565,0.9014492753623189,knn,99.0
1,0.9141304347826087,0.8826086956521739,knn,99.0
2,0.8996376811594203,0.9289855072463769,knn,99.0
3,0.9050724637681159,0.8985507246376812,knn,99.0
4,0.9068840579710145,0.9014492753623189,knn,99.0
0,0.9050724637681159,0.9028985507246376,knn,100.0
1,0.9155797101449276,0.881159420289855,knn,100.0
2,0.9,0.9289855072463769,knn,100.0
3,0.9047101449275362,0.9,knn,100.0
4,0.9061594202898551,0.9014492753623189,knn,100.0
0,0.9318840579710145,0.927536231884058,svm,0.1
1,0.9355072463768116,0.9202898550724637,svm,0.1
2,0.9260869565217391,0.9507246376811594,svm,0.1
3,0.9311594202898551,0.9318840579710145,svm,0.1
4,0.933695652173913,0.9202898550724637,svm,0.1
0,0.9329710144927537,0.9289855072463769,svm,0.2
1,0.9373188405797102,0.9217391304347826,svm,0.2
2,0.928623188405797,0.9565217391304348,svm,0.2
3,0.9322463768115942,0.9318840579710145,svm,0.2
4,0.9347826086956522,0.9202898550724637,svm,0.2
0,0.9347826086956522,0.9304347826086956,svm,0.30000000000000004
1,0.9384057971014492,0.9231884057971015,svm,0.30000000000000004
2,0.9307971014492754,0.9579710144927536,svm,0.30000000000000004
3,0.9340579710144927,0.9333333333333333,svm,0.30000000000000004
4,0.9365942028985508,0.9231884057971015,svm,0.30000000000000004
0,0.9355072463768116,0.9304347826086956,svm,0.4
1,0.938768115942029,0.9231884057971015,svm,0.4
2,0.9329710144927537,0.9579710144927536,svm,0.4
3,0.9380434782608695,0.9304347826086956,svm,0.4
4,0.9405797101449276,0.927536231884058,svm,0.4
0,0.9369565217391305,0.9289855072463769,svm,0.5
1,0.938768115942029,0.9217391304347826,svm,0.5
2,0.9322463768115942,0.9579710144927536,svm,0.5
3,0.9380434782608695,0.9304347826086956,svm,0.5
4,0.9405797101449276,0.9260869565217391,svm,0.5
0,0.9380434782608695,0.9289855072463769,svm,0.6000000000000001
1,0.9391304347826087,0.9217391304347826,svm,0.6000000000000001
2,0.933695652173913,0.9579710144927536,svm,0.6000000000000001
3,0.9384057971014492,0.9333333333333333,svm,0.6000000000000001
4,0.9405797101449276,0.9260869565217391,svm,0.6000000000000001
0,0.9420289855072463,0.9333333333333333,svm,0.7000000000000001
1,0.9416666666666667,0.927536231884058,svm,0.7000000000000001
2,0.9347826086956522,0.9594202898550724,svm,0.7000000000000001
3,0.9384057971014492,0.9333333333333333,svm,0.7000000000000001
4,0.9409420289855073,0.927536231884058,svm,0.7000000000000001
0,0.9416666666666667,0.9333333333333333,svm,0.8
1,0.9420289855072463,0.927536231884058,svm,0.8
2,0.936231884057971,0.9594202898550724,svm,0.8
3,0.938768115942029,0.9347826086956522,svm,0.8
4,0.9420289855072463,0.927536231884058,svm,0.8
0,0.9405797101449276,0.9333333333333333,svm,0.9
1,0.9431159420289855,0.9289855072463769,svm,0.9
2,0.936231884057971,0.9594202898550724,svm,0.9
3,0.9394927536231884,0.936231884057971,svm,0.9
4,0.9423913043478261,0.9231884057971015,svm,0.9
0,0.9405797101449276,0.9333333333333333,svm,1.0
1,0.9434782608695652,0.9289855072463769,svm,1.0
2,0.9344202898550724,0.9594202898550724,svm,1.0
3,0.9391304347826087,0.9347826086956522,svm,1.0
4,0.9423913043478261,0.9231884057971015,svm,1.0
0,0.941304347826087,0.9347826086956522,svm,1.1
1,0.9438405797101449,0.9289855072463769,svm,1.1
2,0.9347826086956522,0.9579710144927536,svm,1.1
3,0.9394927536231884,0.9347826086956522,svm,1.1
4,0.9416666666666667,0.9231884057971015,svm,1.1
0,0.941304347826087,0.936231884057971,svm,1.2000000000000002
1,0.9442028985507246,0.9304347826086956,svm,1.2000000000000002
2,0.9355072463768116,0.9594202898550724,svm,1.2000000000000002
3,0.938768115942029,0.9347826086956522,svm,1.2000000000000002
4,0.9416666666666667,0.9246376811594202,svm,1.2000000000000002
0,0.941304347826087,0.9333333333333333,svm,1.3
1,0.9438405797101449,0.9289855072463769,svm,1.3
2,0.9344202898550724,0.9594202898550724,svm,1.3
3,0.9394927536231884,0.9333333333333333,svm,1.3
4,0.9427536231884058,0.9246376811594202,svm,1.3
0,0.9402173913043478,0.9333333333333333,svm,1.4000000000000001
1,0.9438405797101449,0.9318840579710145,svm,1.4000000000000001
2,0.9333333333333333,0.9623188405797102,svm,1.4000000000000001
3,0.9391304347826087,0.9318840579710145,svm,1.4000000000000001
4,0.9431159420289855,0.9246376811594202,svm,1.4000000000000001
0,0.9394927536231884,0.9318840579710145,svm,1.5
1,0.9442028985507246,0.9304347826086956,svm,1.5
2,0.933695652173913,0.9623188405797102,svm,1.5
3,0.9384057971014492,0.9318840579710145,svm,1.5
4,0.9431159420289855,0.9246376811594202,svm,1.5
0,0.9402173913043478,0.9304347826086956,svm,1.6
1,0.9442028985507246,0.9304347826086956,svm,1.6
2,0.9340579710144927,0.9623188405797102,svm,1.6
3,0.938768115942029,0.9318840579710145,svm,1.6
4,0.9423913043478261,0.9246376811594202,svm,1.6
0,0.9398550724637681,0.9304347826086956,svm,1.7000000000000002
1,0.9434782608695652,0.9304347826086956,svm,1.7000000000000002
2,0.9344202898550724,0.9594202898550724,svm,1.7000000000000002
3,0.938768115942029,0.9333333333333333,svm,1.7000000000000002
4,0.9423913043478261,0.9246376811594202,svm,1.7000000000000002
0,0.9402173913043478,0.9318840579710145,svm,1.8
1,0.9431159420289855,0.9289855072463769,svm,1.8
2,0.9344202898550724,0.9594202898550724,svm,1.8
3,0.9391304347826087,0.9304347826086956,svm,1.8
4,0.9420289855072463,0.9246376811594202,svm,1.8
0,0.9402173913043478,0.9318840579710145,svm,1.9000000000000001
1,0.9431159420289855,0.9304347826086956,svm,1.9000000000000001
2,0.9347826086956522,0.9594202898550724,svm,1.9000000000000001
3,0.938768115942029,0.9333333333333333,svm,1.9000000000000001
4,0.9423913043478261,0.9246376811594202,svm,1.9000000000000001
0,0.9402173913043478,0.9318840579710145,svm,2.0
1,0.9431159420289855,0.9318840579710145,svm,2.0
2,0.9355072463768116,0.9623188405797102,svm,2.0
3,0.938768115942029,0.9347826086956522,svm,2.0
4,0.9427536231884058,0.9231884057971015,svm,2.0
0,0.9402173913043478,0.9304347826086956,svm,2.1
1,0.9434782608695652,0.9318840579710145,svm,2.1
2,0.9358695652173913,0.9623188405797102,svm,2.1
3,0.938768115942029,0.9333333333333333,svm,2.1
4,0.9434782608695652,0.9231884057971015,svm,2.1
0,0.9402173913043478,0.9304347826086956,svm,2.2
1,0.9434782608695652,0.9318840579710145,svm,2.2
2,0.9347826086956522,0.9623188405797102,svm,2.2
3,0.9391304347826087,0.9333333333333333,svm,2.2
4,0.9438405797101449,0.9217391304347826,svm,2.2
0,0.9405797101449276,0.9289855072463769,svm,2.3000000000000003
1,0.9434782608695652,0.9318840579710145,svm,2.3000000000000003
2,0.9347826086956522,0.9623188405797102,svm,2.3000000000000003
3,0.9398550724637681,0.9318840579710145,svm,2.3000000000000003
4,0.9434782608695652,0.9217391304347826,svm,2.3000000000000003
0,0.9405797101449276,0.9289855072463769,svm,2.4000000000000004
1,0.9434782608695652,0.9318840579710145,svm,2.4000000000000004
2,0.9351449275362319,0.9637681159420289,svm,2.4000000000000004
3,0.9394927536231884,0.9333333333333333,svm,2.4000000000000004
4,0.9434782608695652,0.9217391304347826,svm,2.4000000000000004
0,0.9409420289855073,0.9289855072463769,svm,2.5
1,0.9434782608695652,0.9318840579710145,svm,2.5
2,0.9351449275362319,0.9637681159420289,svm,2.5
3,0.9394927536231884,0.9333333333333333,svm,2.5
4,0.9434782608695652,0.9231884057971015,svm,2.5
0,0.9416666666666667,0.927536231884058,svm,2.6
1,0.9438405797101449,0.9318840579710145,svm,2.6
2,0.9347826086956522,0.9637681159420289,svm,2.6
3,0.9394927536231884,0.9333333333333333,svm,2.6
4,0.9431159420289855,0.9217391304347826,svm,2.6
0,0.9420289855072463,0.927536231884058,svm,2.7
1,0.9442028985507246,0.9318840579710145,svm,2.7
2,0.9347826086956522,0.9623188405797102,svm,2.7
3,0.9394927536231884,0.9333333333333333,svm,2.7
4,0.9431159420289855,0.9217391304347826,svm,2.7
0,0.9420289855072463,0.927536231884058,svm,2.8000000000000003
1,0.9449275362318841,0.9318840579710145,svm,2.8000000000000003
2,0.9344202898550724,0.9637681159420289,svm,2.8000000000000003
3,0.9398550724637681,0.9333333333333333,svm,2.8000000000000003
4,0.9434782608695652,0.9202898550724637,svm,2.8000000000000003
0,0.9416666666666667,0.9289855072463769,svm,2.9000000000000004
1,0.9445652173913044,0.9318840579710145,svm,2.9000000000000004
2,0.9351449275362319,0.9608695652173913,svm,2.9000000000000004
3,0.9398550724637681,0.9333333333333333,svm,2.9000000000000004
4,0.9434782608695652,0.9231884057971015,svm,2.9000000000000004
0,0.9416666666666667,0.927536231884058,svm,3.0
1,0.9445652173913044,0.9318840579710145,svm,3.0
2,0.9351449275362319,0.9608695652173913,svm,3.0
3,0.9394927536231884,0.9333333333333333,svm,3.0
4,0.9434782608695652,0.9217391304347826,svm,3.0
0,0.9416666666666667,0.9289855072463769,svm,3.1
1,0.9445652173913044,0.9318840579710145,svm,3.1
2,0.9351449275362319,0.9608695652173913,svm,3.1
3,0.9394927536231884,0.9333333333333333,svm,3.1
4,0.9434782608695652,0.9217391304347826,svm,3.1
0,0.9416666666666667,0.9289855072463769,svm,3.2
1,0.9449275362318841,0.9318840579710145,svm,3.2
2,0.9347826086956522,0.9608695652173913,svm,3.2
3,0.9391304347826087,0.9333333333333333,svm,3.2
4,0.9434782608695652,0.9217391304347826,svm,3.2
0,0.9423913043478261,0.9304347826086956,svm,3.3000000000000003
1,0.9449275362318841,0.9318840579710145,svm,3.3000000000000003
2,0.9347826086956522,0.9594202898550724,svm,3.3000000000000003
3,0.9394927536231884,0.9333333333333333,svm,3.3000000000000003
4,0.9438405797101449,0.9202898550724637,svm,3.3000000000000003
0,0.9423913043478261,0.9289855072463769,svm,3.4000000000000004
1,0.9449275362318841,0.9318840579710145,svm,3.4000000000000004
2,0.9344202898550724,0.9594202898550724,svm,3.4000000000000004
3,0.938768115942029,0.9333333333333333,svm,3.4000000000000004
4,0.9434782608695652,0.9202898550724637,svm,3.4000000000000004
0,0.9423913043478261,0.9289855072463769,svm,3.5
1,0.9445652173913044,0.9318840579710145,svm,3.5
2,0.9344202898550724,0.9594202898550724,svm,3.5
3,0.938768115942029,0.9333333333333333,svm,3.5
4,0.9434782608695652,0.9202898550724637,svm,3.5
0,0.9416666666666667,0.9289855072463769,svm,3.6
1,0.9445652173913044,0.9318840579710145,svm,3.6
2,0.9344202898550724,0.9594202898550724,svm,3.6
3,0.938768115942029,0.9333333333333333,svm,3.6
4,0.9434782608695652,0.9202898550724637,svm,3.6
0,0.9416666666666667,0.9289855072463769,svm,3.7
1,0.9445652173913044,0.9318840579710145,svm,3.7
2,0.9344202898550724,0.9594202898550724,svm,3.7
3,0.938768115942029,0.9347826086956522,svm,3.7
4,0.9438405797101449,0.9202898550724637,svm,3.7
0,0.941304347826087,0.927536231884058,svm,3.8000000000000003
1,0.9445652173913044,0.9318840579710145,svm,3.8000000000000003
2,0.9347826086956522,0.9594202898550724,svm,3.8000000000000003
3,0.938768115942029,0.9347826086956522,svm,3.8000000000000003
4,0.9434782608695652,0.9217391304347826,svm,3.8000000000000003
0,0.941304347826087,0.927536231884058,svm,3.9000000000000004
1,0.9442028985507246,0.9318840579710145,svm,3.9000000000000004
2,0.9347826086956522,0.9594202898550724,svm,3.9000000000000004
3,0.9391304347826087,0.9333333333333333,svm,3.9000000000000004
4,0.9442028985507246,0.9217391304347826,svm,3.9000000000000004
0,0.941304347826087,0.927536231884058,svm,4.0
1,0.9449275362318841,0.9318840579710145,svm,4.0
2,0.9347826086956522,0.9594202898550724,svm,4.0
3,0.9391304347826087,0.9333333333333333,svm,4.0
4,0.9442028985507246,0.9217391304347826,svm,4.0
0,0.941304347826087,0.927536231884058,svm,4.1000000000000005
1,0.9449275362318841,0.9318840579710145,svm,4.1000000000000005
2,0.9351449275362319,0.9594202898550724,svm,4.1000000000000005
3,0.9391304347826087,0.9333333333333333,svm,4.1000000000000005
4,0.9442028985507246,0.9202898550724637,svm,4.1000000000000005
0,0.941304347826087,0.927536231884058,svm,4.2
1,0.9445652173913044,0.9318840579710145,svm,4.2
2,0.9351449275362319,0.9594202898550724,svm,4.2
3,0.9394927536231884,0.9333333333333333,svm,4.2
4,0.9442028985507246,0.9217391304347826,svm,4.2
0,0.9423913043478261,0.927536231884058,svm,4.3
1,0.9445652173913044,0.9318840579710145,svm,4.3
2,0.9351449275362319,0.9594202898550724,svm,4.3
3,0.9394927536231884,0.9333333333333333,svm,4.3
4,0.9442028985507246,0.9217391304347826,svm,4.3
0,0.9427536231884058,0.927536231884058,svm,4.4
1,0.9445652173913044,0.9318840579710145,svm,4.4
2,0.9351449275362319,0.9608695652173913,svm,4.4
3,0.9394927536231884,0.9333333333333333,svm,4.4
4,0.9442028985507246,0.9217391304347826,svm,4.4
0,0.9431159420289855,0.927536231884058,svm,4.5
1,0.9442028985507246,0.9318840579710145,svm,4.5
2,0.9347826086956522,0.9608695652173913,svm,4.5
3,0.9394927536231884,0.9333333333333333,svm,4.5
4,0.9445652173913044,0.9231884057971015,svm,4.5
0,0.9431159420289855,0.9260869565217391,svm,4.6000000000000005
1,0.9438405797101449,0.9318840579710145,svm,4.6000000000000005
2,0.9347826086956522,0.9623188405797102,svm,4.6000000000000005
3,0.9398550724637681,0.9333333333333333,svm,4.6000000000000005
4,0.9445652173913044,0.9231884057971015,svm,4.6000000000000005
0,0.9431159420289855,0.9260869565217391,svm,4.7
1,0.9438405797101449,0.9318840579710145,svm,4.7
2,0.9347826086956522,0.9623188405797102,svm,4.7
3,0.9398550724637681,0.9333333333333333,svm,4.7
4,0.9438405797101449,0.9231884057971015,svm,4.7
0,0.9431159420289855,0.9260869565217391,svm,4.800000000000001
1,0.9434782608695652,0.9318840579710145,svm,4.800000000000001
2,0.9347826086956522,0.9623188405797102,svm,4.800000000000001
3,0.9398550724637681,0.9333333333333333,svm,4.800000000000001
4,0.9442028985507246,0.9231884057971015,svm,4.800000000000001
0,0.9431159420289855,0.9260869565217391,svm,4.9
1,0.9434782608695652,0.9318840579710145,svm,4.9
2,0.9347826086956522,0.9623188405797102,svm,4.9
3,0.9398550724637681,0.9333333333333333,svm,4.9
4,0.9442028985507246,0.9231884057971015,svm,4.9
0,0.9431159420289855,0.9260869565217391,svm,5.0
1,0.9434782608695652,0.9318840579710145,svm,5.0
2,0.9347826086956522,0.9623188405797102,svm,5.0
3,0.9398550724637681,0.9333333333333333,svm,5.0
4,0.9442028985507246,0.9231884057971015,svm,5.0
0,0.9431159420289855,0.9260869565217391,svm,5.1000000000000005
1,0.9434782608695652,0.9318840579710145,svm,5.1000000000000005
2,0.9340579710144927,0.9623188405797102,svm,5.1000000000000005
3,0.9398550724637681,0.9333333333333333,svm,5.1000000000000005
4,0.9442028985507246,0.9231884057971015,svm,5.1000000000000005
0,0.9431159420289855,0.9260869565217391,svm,5.2
1,0.9434782608695652,0.9318840579710145,svm,5.2
2,0.9340579710144927,0.9623188405797102,svm,5.2
3,0.9398550724637681,0.9333333333333333,svm,5.2
4,0.9442028985507246,0.9231884057971015,svm,5.2
0,0.9431159420289855,0.9260869565217391,svm,5.300000000000001
1,0.9434782608695652,0.9318840579710145,svm,5.300000000000001
2,0.9340579710144927,0.9623188405797102,svm,5.300000000000001
3,0.9402173913043478,0.9333333333333333,svm,5.300000000000001
4,0.9442028985507246,0.9231884057971015,svm,5.300000000000001
0,0.9431159420289855,0.9260869565217391,svm,5.4
1,0.9431159420289855,0.9318840579710145,svm,5.4
2,0.933695652173913,0.9623188405797102,svm,5.4
3,0.9402173913043478,0.9333333333333333,svm,5.4
4,0.9442028985507246,0.9231884057971015,svm,5.4
0,0.9434782608695652,0.9260869565217391,svm,5.5
1,0.9431159420289855,0.9318840579710145,svm,5.5
2,0.9329710144927537,0.9608695652173913,svm,5.5
3,0.9402173913043478,0.9333333333333333,svm,5.5
4,0.9442028985507246,0.9231884057971015,svm,5.5
0,0.9434782608695652,0.9260869565217391,svm,5.6000000000000005
1,0.9431159420289855,0.9318840579710145,svm,5.6000000000000005
2,0.933695652173913,0.9608695652173913,svm,5.6000000000000005
3,0.9402173913043478,0.9333333333333333,svm,5.6000000000000005
4,0.9442028985507246,0.9231884057971015,svm,5.6000000000000005
0,0.9434782608695652,0.9260869565217391,svm,5.7
1,0.9431159420289855,0.9318840579710145,svm,5.7
2,0.933695652173913,0.9608695652173913,svm,5.7
3,0.9402173913043478,0.9333333333333333,svm,5.7
4,0.9442028985507246,0.9231884057971015,svm,5.7
0,0.9431159420289855,0.9260869565217391,svm,5.800000000000001
1,0.9431159420289855,0.9318840579710145,svm,5.800000000000001
2,0.9333333333333333,0.9608695652173913,svm,5.800000000000001
3,0.9402173913043478,0.9333333333333333,svm,5.800000000000001
4,0.9445652173913044,0.9231884057971015,svm,5.800000000000001
0,0.9431159420289855,0.9260869565217391,svm,5.9
1,0.9431159420289855,0.9318840579710145,svm,5.9
2,0.9333333333333333,0.9608695652173913,svm,5.9
3,0.9402173913043478,0.9333333333333333,svm,5.9
4,0.9445652173913044,0.9231884057971015,svm,5.9
0,0.9427536231884058,0.9260869565217391,svm,6.0
1,0.9431159420289855,0.9318840579710145,svm,6.0
2,0.933695652173913,0.9608695652173913,svm,6.0
3,0.9402173913043478,0.9333333333333333,svm,6.0
4,0.9445652173913044,0.9231884057971015,svm,6.0
0,0.9423913043478261,0.9260869565217391,svm,6.1000000000000005
1,0.9431159420289855,0.9318840579710145,svm,6.1000000000000005
2,0.933695652173913,0.9608695652173913,svm,6.1000000000000005
3,0.9402173913043478,0.9333333333333333,svm,6.1000000000000005
4,0.9445652173913044,0.9231884057971015,svm,6.1000000000000005
0,0.9423913043478261,0.9260869565217391,svm,6.2
1,0.9427536231884058,0.9304347826086956,svm,6.2
2,0.9333333333333333,0.9608695652173913,svm,6.2
3,0.9402173913043478,0.9333333333333333,svm,6.2
4,0.9438405797101449,0.9231884057971015,svm,6.2
0,0.9427536231884058,0.9260869565217391,svm,6.300000000000001
1,0.9427536231884058,0.9304347826086956,svm,6.300000000000001
2,0.933695652173913,0.9623188405797102,svm,6.300000000000001
3,0.9402173913043478,0.9333333333333333,svm,6.300000000000001
4,0.9438405797101449,0.9231884057971015,svm,6.300000000000001
0,0.9423913043478261,0.9260869565217391,svm,6.4
1,0.9427536231884058,0.9304347826086956,svm,6.4
2,0.9344202898550724,0.9623188405797102,svm,6.4
3,0.9402173913043478,0.9333333333333333,svm,6.4
4,0.9438405797101449,0.9231884057971015,svm,6.4
0,0.9423913043478261,0.9260869565217391,svm,6.5
1,0.9427536231884058,0.9304347826086956,svm,6.5
2,0.9344202898550724,0.9623188405797102,svm,6.5
3,0.9402173913043478,0.9333333333333333,svm,6.5
4,0.9434782608695652,0.9231884057971015,svm,6.5
0,0.9423913043478261,0.9260869565217391,svm,6.6000000000000005
1,0.9427536231884058,0.9304347826086956,svm,6.6000000000000005
2,0.9344202898550724,0.9623188405797102,svm,6.6000000000000005
3,0.9402173913043478,0.9333333333333333,svm,6.6000000000000005
4,0.9434782608695652,0.9231884057971015,svm,6.6000000000000005
0,0.9423913043478261,0.9260869565217391,svm,6.7
1,0.9427536231884058,0.9289855072463769,svm,6.7
2,0.9344202898550724,0.9623188405797102,svm,6.7
3,0.9402173913043478,0.9333333333333333,svm,6.7
4,0.9438405797101449,0.9231884057971015,svm,6.7
0,0.9420289855072463,0.9260869565217391,svm,6.800000000000001
1,0.9427536231884058,0.9289855072463769,svm,6.800000000000001
2,0.9344202898550724,0.9623188405797102,svm,6.800000000000001
3,0.9398550724637681,0.9333333333333333,svm,6.800000000000001
4,0.9438405797101449,0.9231884057971015,svm,6.800000000000001
0,0.9420289855072463,0.9260869565217391,svm,6.9
1,0.9427536231884058,0.9289855072463769,svm,6.9
2,0.9344202898550724,0.9623188405797102,svm,6.9
3,0.9398550724637681,0.9333333333333333,svm,6.9
4,0.9442028985507246,0.9231884057971015,svm,6.9
0,0.9420289855072463,0.9260869565217391,svm,7.0
1,0.9427536231884058,0.9289855072463769,svm,7.0
2,0.9347826086956522,0.9623188405797102,svm,7.0
3,0.9398550724637681,0.9333333333333333,svm,7.0
4,0.9445652173913044,0.9231884057971015,svm,7.0
0,0.9420289855072463,0.9260869565217391,svm,7.1000000000000005
1,0.9427536231884058,0.9289855072463769,svm,7.1000000000000005
2,0.9347826086956522,0.9608695652173913,svm,7.1000000000000005
3,0.9398550724637681,0.9333333333333333,svm,7.1000000000000005
4,0.9445652173913044,0.9231884057971015,svm,7.1000000000000005
0,0.9420289855072463,0.9260869565217391,svm,7.2
1,0.9427536231884058,0.9289855072463769,svm,7.2
2,0.9347826086956522,0.9608695652173913,svm,7.2
3,0.9398550724637681,0.9333333333333333,svm,7.2
4,0.9442028985507246,0.9231884057971015,svm,7.2
0,0.9420289855072463,0.9260869565217391,svm,7.300000000000001
1,0.9427536231884058,0.9289855072463769,svm,7.300000000000001
2,0.9351449275362319,0.9608695652173913,svm,7.300000000000001
3,0.9398550724637681,0.9333333333333333,svm,7.300000000000001
4,0.9442028985507246,0.9246376811594202,svm,7.300000000000001
0,0.9423913043478261,0.9260869565217391,svm,7.4
1,0.9427536231884058,0.9289855072463769,svm,7.4
2,0.9351449275362319,0.9608695652173913,svm,7.4
3,0.9398550724637681,0.9333333333333333,svm,7.4
4,0.9442028985507246,0.9231884057971015,svm,7.4
0,0.9423913043478261,0.9260869565217391,svm,7.5
1,0.9427536231884058,0.9304347826086956,svm,7.5
2,0.9351449275362319,0.9608695652173913,svm,7.5
3,0.9398550724637681,0.9333333333333333,svm,7.5
4,0.9442028985507246,0.9217391304347826,svm,7.5
0,0.9427536231884058,0.9260869565217391,svm,7.6000000000000005
1,0.9427536231884058,0.9304347826086956,svm,7.6000000000000005
2,0.9355072463768116,0.9608695652173913,svm,7.6000000000000005
3,0.9398550724637681,0.9333333333333333,svm,7.6000000000000005
4,0.9442028985507246,0.9217391304347826,svm,7.6000000000000005
0,0.9431159420289855,0.9260869565217391,svm,7.7
1,0.9427536231884058,0.9318840579710145,svm,7.7
2,0.9351449275362319,0.9608695652173913,svm,7.7
3,0.9398550724637681,0.9333333333333333,svm,7.7
4,0.9442028985507246,0.9217391304347826,svm,7.7
0,0.9431159420289855,0.9260869565217391,svm,7.800000000000001
1,0.9427536231884058,0.9318840579710145,svm,7.800000000000001
2,0.9351449275362319,0.9608695652173913,svm,7.800000000000001
3,0.9398550724637681,0.9333333333333333,svm,7.800000000000001
4,0.9442028985507246,0.9217391304347826,svm,7.800000000000001
0,0.9431159420289855,0.9260869565217391,svm,7.9
1,0.9427536231884058,0.9318840579710145,svm,7.9
2,0.9355072463768116,0.9608695652173913,svm,7.9
3,0.9398550724637681,0.9333333333333333,svm,7.9
4,0.9438405797101449,0.9217391304347826,svm,7.9
0,0.9431159420289855,0.9260869565217391,svm,8.0
1,0.9427536231884058,0.9318840579710145,svm,8.0
2,0.9355072463768116,0.9608695652173913,svm,8.0
3,0.9398550724637681,0.9333333333333333,svm,8.0
4,0.9438405797101449,0.9217391304347826,svm,8.0
0,0.9434782608695652,0.9260869565217391,svm,8.1
1,0.9427536231884058,0.9333333333333333,svm,8.1
2,0.9355072463768116,0.9608695652173913,svm,8.1
3,0.9398550724637681,0.9333333333333333,svm,8.1
4,0.9438405797101449,0.9217391304347826,svm,8.1
0,0.9434782608695652,0.9260869565217391,svm,8.200000000000001
1,0.9423913043478261,0.9333333333333333,svm,8.200000000000001
2,0.9355072463768116,0.9608695652173913,svm,8.200000000000001
3,0.9398550724637681,0.9333333333333333,svm,8.200000000000001
4,0.9434782608695652,0.9217391304347826,svm,8.200000000000001
0,0.9434782608695652,0.9260869565217391,svm,8.3
1,0.9427536231884058,0.9333333333333333,svm,8.3
2,0.9355072463768116,0.9608695652173913,svm,8.3
3,0.9398550724637681,0.9333333333333333,svm,8.3
4,0.9434782608695652,0.9217391304347826,svm,8.3
0,0.9434782608695652,0.9260869565217391,svm,8.4
1,0.9427536231884058,0.9318840579710145,svm,8.4
2,0.9355072463768116,0.9608695652173913,svm,8.4
3,0.9398550724637681,0.9333333333333333,svm,8.4
4,0.9438405797101449,0.9217391304347826,svm,8.4
0,0.9438405797101449,0.9260869565217391,svm,8.5
1,0.9427536231884058,0.9318840579710145,svm,8.5
2,0.9355072463768116,0.9608695652173913,svm,8.5
3,0.9398550724637681,0.9333333333333333,svm,8.5
4,0.9438405797101449,0.9217391304347826,svm,8.5
0,0.9438405797101449,0.9260869565217391,svm,8.6
1,0.9427536231884058,0.9333333333333333,svm,8.6
2,0.9355072463768116,0.9608695652173913,svm,8.6
3,0.9398550724637681,0.9333333333333333,svm,8.6
4,0.9438405797101449,0.9217391304347826,svm,8.6
0,0.9438405797101449,0.9260869565217391,svm,8.700000000000001
1,0.9427536231884058,0.9333333333333333,svm,8.700000000000001
2,0.9355072463768116,0.9608695652173913,svm,8.700000000000001
3,0.9398550724637681,0.9333333333333333,svm,8.700000000000001
4,0.9438405797101449,0.9217391304347826,svm,8.700000000000001
0,0.9438405797101449,0.9260869565217391,svm,8.8
1,0.9431159420289855,0.9333333333333333,svm,8.8
2,0.9351449275362319,0.9608695652173913,svm,8.8
3,0.9398550724637681,0.9333333333333333,svm,8.8
4,0.9434782608695652,0.9217391304347826,svm,8.8
0,0.9438405797101449,0.9260869565217391,svm,8.9
1,0.9431159420289855,0.9333333333333333,svm,8.9
2,0.9351449275362319,0.9608695652173913,svm,8.9
3,0.9398550724637681,0.9333333333333333,svm,8.9
4,0.9434782608695652,0.9217391304347826,svm,8.9
0,0.9438405797101449,0.9260869565217391,svm,9.0
1,0.9434782608695652,0.9333333333333333,svm,9.0
2,0.9351449275362319,0.9608695652173913,svm,9.0
3,0.9398550724637681,0.9333333333333333,svm,9.0
4,0.9434782608695652,0.9217391304347826,svm,9.0
0,0.9438405797101449,0.9260869565217391,svm,9.1
1,0.9434782608695652,0.9333333333333333,svm,9.1
2,0.9351449275362319,0.9608695652173913,svm,9.1
3,0.9398550724637681,0.9333333333333333,svm,9.1
4,0.9434782608695652,0.9217391304347826,svm,9.1
0,0.9438405797101449,0.9260869565217391,svm,9.200000000000001
1,0.9431159420289855,0.9333333333333333,svm,9.200000000000001
2,0.9351449275362319,0.9608695652173913,svm,9.200000000000001
3,0.9398550724637681,0.9333333333333333,svm,9.200000000000001
4,0.9434782608695652,0.9217391304347826,svm,9.200000000000001
0,0.9438405797101449,0.9260869565217391,svm,9.3
1,0.9431159420289855,0.9333333333333333,svm,9.3
2,0.9351449275362319,0.9608695652173913,svm,9.3
3,0.9398550724637681,0.9333333333333333,svm,9.3
4,0.9431159420289855,0.9217391304347826,svm,9.3
0,0.9434782608695652,0.9260869565217391,svm,9.4
1,0.9431159420289855,0.9333333333333333,svm,9.4
2,0.9351449275362319,0.9623188405797102,svm,9.4
3,0.9398550724637681,0.9333333333333333,svm,9.4
4,0.9431159420289855,0.9217391304347826,svm,9.4
0,0.9434782608695652,0.9260869565217391,svm,9.5
1,0.9427536231884058,0.9333333333333333,svm,9.5
2,0.9351449275362319,0.9608695652173913,svm,9.5
3,0.9398550724637681,0.9333333333333333,svm,9.5
4,0.9431159420289855,0.9217391304347826,svm,9.5
0,0.9434782608695652,0.9260869565217391,svm,9.600000000000001
1,0.9427536231884058,0.9318840579710145,svm,9.600000000000001
2,0.9355072463768116,0.9608695652173913,svm,9.600000000000001
3,0.9405797101449276,0.9347826086956522,svm,9.600000000000001
4,0.9431159420289855,0.9217391304347826,svm,9.600000000000001
0,0.9434782608695652,0.9260869565217391,svm,9.700000000000001
1,0.9427536231884058,0.9318840579710145,svm,9.700000000000001
2,0.9351449275362319,0.9608695652173913,svm,9.700000000000001
3,0.9405797101449276,0.9347826086956522,svm,9.700000000000001
4,0.9431159420289855,0.9217391304347826,svm,9.700000000000001
0,0.9434782608695652,0.9260869565217391,svm,9.8
1,0.9427536231884058,0.9318840579710145,svm,9.8
2,0.9351449275362319,0.9608695652173913,svm,9.8
3,0.9405797101449276,0.9347826086956522,svm,9.8
4,0.9431159420289855,0.9217391304347826,svm,9.8
0,0.9434782608695652,0.9260869565217391,svm,9.9
1,0.9427536231884058,0.9318840579710145,svm,9.9
2,0.9351449275362319,0.9594202898550724,svm,9.9
3,0.9405797101449276,0.9347826086956522,svm,9.9
4,0.9431159420289855,0.9217391304347826,svm,9.9
0,0.9434782608695652,0.9260869565217391,svm,10.0
1,0.9427536231884058,0.9318840579710145,svm,10.0
2,0.9351449275362319,0.9594202898550724,svm,10.0
3,0.9402173913043478,0.9333333333333333,svm,10.0
4,0.9431159420289855,0.9217391304347826,svm,10.0
0,0.9289855072463769,0.9231884057971015,logistic,0.1
1,0.9333333333333333,0.9115942028985508,logistic,0.1
2,0.9239130434782609,0.946376811594203,logistic,0.1
3,0.9278985507246377,0.9333333333333333,logistic,0.1
4,0.9300724637681159,0.9202898550724637,logistic,0.1
0,0.9311594202898551,0.927536231884058,logistic,0.2
1,0.9358695652173913,0.9159420289855073,logistic,0.2
2,0.9282608695652174,0.9492753623188406,logistic,0.2
3,0.9311594202898551,0.9318840579710145,logistic,0.2
4,0.9355072463768116,0.9260869565217391,logistic,0.2
0,0.933695652173913,0.9289855072463769,logistic,0.30000000000000004
1,0.9391304347826087,0.9159420289855073,logistic,0.30000000000000004
2,0.9311594202898551,0.9536231884057971,logistic,0.30000000000000004
3,0.9326086956521739,0.9289855072463769,logistic,0.30000000000000004
4,0.9365942028985508,0.9260869565217391,logistic,0.30000000000000004
0,0.9355072463768116,0.927536231884058,logistic,0.4
1,0.9391304347826087,0.9144927536231884,logistic,0.4
2,0.9304347826086956,0.9565217391304348,logistic,0.4
3,0.9322463768115942,0.9318840579710145,logistic,0.4
4,0.9369565217391305,0.9246376811594202,logistic,0.4
0,0.9355072463768116,0.927536231884058,logistic,0.5
1,0.9391304347826087,0.9173913043478261,logistic,0.5
2,0.9311594202898551,0.9565217391304348,logistic,0.5
3,0.9322463768115942,0.9318840579710145,logistic,0.5
4,0.9380434782608695,0.927536231884058,logistic,0.5
0,0.9355072463768116,0.927536231884058,logistic,0.6000000000000001
1,0.9394927536231884,0.9202898550724637,logistic,0.6000000000000001
2,0.9311594202898551,0.9565217391304348,logistic,0.6000000000000001
3,0.9322463768115942,0.9347826086956522,logistic,0.6000000000000001
4,0.9384057971014492,0.927536231884058,logistic,0.6000000000000001
0,0.9355072463768116,0.927536231884058,logistic,0.7000000000000001
1,0.9402173913043478,0.9217391304347826,logistic,0.7000000000000001
2,0.9318840579710145,0.9579710144927536,logistic,0.7000000000000001
3,0.9347826086956522,0.9333333333333333,logistic,0.7000000000000001
4,0.938768115942029,0.9260869565217391,logistic,0.7000000000000001
0,0.9358695652173913,0.927536231884058,logistic,0.8
1,0.9409420289855073,0.9217391304347826,logistic,0.8
2,0.9326086956521739,0.9594202898550724,logistic,0.8
3,0.9351449275362319,0.9333333333333333,logistic,0.8
4,0.9384057971014492,0.9260869565217391,logistic,0.8
0,0.936231884057971,0.927536231884058,logistic,0.9
1,0.9409420289855073,0.9202898550724637,logistic,0.9
2,0.9318840579710145,0.9594202898550724,logistic,0.9
3,0.936231884057971,0.9333333333333333,logistic,0.9
4,0.9398550724637681,0.9260869565217391,logistic,0.9
0,0.9358695652173913,0.9289855072463769,logistic,1.0
1,0.941304347826087,0.9202898550724637,logistic,1.0
2,0.9315217391304348,0.9594202898550724,logistic,1.0
3,0.936231884057971,0.9333333333333333,logistic,1.0
4,0.9398550724637681,0.9260869565217391,logistic,1.0
0,0.936231884057971,0.9318840579710145,logistic,1.1
1,0.9405797101449276,0.9217391304347826,logistic,1.1
2,0.9318840579710145,0.9608695652173913,logistic,1.1
3,0.9365942028985508,0.9333333333333333,logistic,1.1
4,0.9402173913043478,0.927536231884058,logistic,1.1
0,0.9365942028985508,0.9318840579710145,logistic,1.2000000000000002
1,0.9405797101449276,0.9231884057971015,logistic,1.2000000000000002
2,0.9318840579710145,0.9608695652173913,logistic,1.2000000000000002
3,0.9365942028985508,0.9333333333333333,logistic,1.2000000000000002
4,0.9405797101449276,0.927536231884058,logistic,1.2000000000000002
0,0.936231884057971,0.9318840579710145,logistic,1.3
1,0.9405797101449276,0.9231884057971015,logistic,1.3
2,0.9318840579710145,0.9608695652173913,logistic,1.3
3,0.9376811594202898,0.9347826086956522,logistic,1.3
4,0.9405797101449276,0.927536231884058,logistic,1.3
0,0.9373188405797102,0.9318840579710145,logistic,1.4000000000000001
1,0.9405797101449276,0.9231884057971015,logistic,1.4000000000000001
2,0.9315217391304348,0.9608695652173913,logistic,1.4000000000000001
3,0.9376811594202898,0.9347826086956522,logistic,1.4000000000000001
4,0.9409420289855073,0.927536231884058,logistic,1.4000000000000001
0,0.9391304347826087,0.9333333333333333,logistic,1.5
1,0.9405797101449276,0.9231884057971015,logistic,1.5
2,0.9307971014492754,0.9608695652173913,logistic,1.5
3,0.9376811594202898,0.936231884057971,logistic,1.5
4,0.941304347826087,0.927536231884058,logistic,1.5
0,0.9391304347826087,0.9333333333333333,logistic,1.6
1,0.9409420289855073,0.9231884057971015,logistic,1.6
2,0.9307971014492754,0.9608695652173913,logistic,1.6
3,0.9380434782608695,0.936231884057971,logistic,1.6
4,0.9416666666666667,0.927536231884058,logistic,1.6
0,0.9398550724637681,0.9318840579710145,logistic,1.7000000000000002
1,0.9409420289855073,0.9231884057971015,logistic,1.7000000000000002
2,0.9307971014492754,0.9608695652173913,logistic,1.7000000000000002
3,0.9380434782608695,0.936231884057971,logistic,1.7000000000000002
4,0.9420289855072463,0.927536231884058,logistic,1.7000000000000002
0,0.9405797101449276,0.9318840579710145,logistic,1.8
1,0.941304347826087,0.9231884057971015,logistic,1.8
2,0.9311594202898551,0.9608695652173913,logistic,1.8
3,0.9376811594202898,0.936231884057971,logistic,1.8
4,0.9427536231884058,0.927536231884058,logistic,1.8
0,0.9405797101449276,0.9318840579710145,logistic,1.9000000000000001
1,0.9409420289855073,0.9231884057971015,logistic,1.9000000000000001
2,0.9311594202898551,0.9608695652173913,logistic,1.9000000000000001
3,0.9380434782608695,0.9376811594202898,logistic,1.9000000000000001
4,0.9434782608695652,0.9260869565217391,logistic,1.9000000000000001
0,0.9394927536231884,0.9318840579710145,logistic,2.0
1,0.9409420289855073,0.9231884057971015,logistic,2.0
2,0.9315217391304348,0.9608695652173913,logistic,2.0
3,0.9376811594202898,0.936231884057971,logistic,2.0
4,0.9434782608695652,0.9260869565217391,logistic,2.0
0,0.9398550724637681,0.9318840579710145,logistic,2.1
1,0.9405797101449276,0.9246376811594202,logistic,2.1
2,0.9315217391304348,0.9608695652173913,logistic,2.1
3,0.9380434782608695,0.936231884057971,logistic,2.1
4,0.9438405797101449,0.9260869565217391,logistic,2.1
0,0.9398550724637681,0.9318840579710145,logistic,2.2
1,0.9423913043478261,0.9289855072463769,logistic,2.2
2,0.9318840579710145,0.9608695652173913,logistic,2.2
3,0.9376811594202898,0.936231884057971,logistic,2.2
4,0.9438405797101449,0.9260869565217391,logistic,2.2
0,0.9398550724637681,0.9318840579710145,logistic,2.3000000000000003
1,0.9423913043478261,0.9304347826086956,logistic,2.3000000000000003
2,0.9318840579710145,0.9608695652173913,logistic,2.3000000000000003
3,0.9376811594202898,0.936231884057971,logistic,2.3000000000000003
4,0.9438405797101449,0.9260869565217391,logistic,2.3000000000000003
0,0.9398550724637681,0.9318840579710145,logistic,2.4000000000000004
1,0.9423913043478261,0.9304347826086956,logistic,2.4000000000000004
2,0.9322463768115942,0.9608695652173913,logistic,2.4000000000000004
3,0.9376811594202898,0.9347826086956522,logistic,2.4000000000000004
4,0.9438405797101449,0.9260869565217391,logistic,2.4000000000000004
0,0.9398550724637681,0.9318840579710145,logistic,2.5
1,0.9423913043478261,0.9304347826086956,logistic,2.5
2,0.9322463768115942,0.9608695652173913,logistic,2.5
3,0.9376811594202898,0.9347826086956522,logistic,2.5
4,0.9438405797101449,0.9260869565217391,logistic,2.5
0,0.9398550724637681,0.9318840579710145,logistic,2.6
1,0.9420289855072463,0.9304347826086956,logistic,2.6
2,0.9322463768115942,0.9608695652173913,logistic,2.6
3,0.9376811594202898,0.9347826086956522,logistic,2.6
4,0.9434782608695652,0.9260869565217391,logistic,2.6
0,0.9402173913043478,0.9318840579710145,logistic,2.7
1,0.9420289855072463,0.9304347826086956,logistic,2.7
2,0.9322463768115942,0.9608695652173913,logistic,2.7
3,0.9376811594202898,0.9347826086956522,logistic,2.7
4,0.9434782608695652,0.9260869565217391,logistic,2.7
0,0.9402173913043478,0.9318840579710145,logistic,2.8000000000000003
1,0.9427536231884058,0.9304347826086956,logistic,2.8000000000000003
2,0.9322463768115942,0.9608695652173913,logistic,2.8000000000000003
3,0.9376811594202898,0.9347826086956522,logistic,2.8000000000000003
4,0.9438405797101449,0.9260869565217391,logistic,2.8000000000000003
0,0.9402173913043478,0.9304347826086956,logistic,2.9000000000000004
1,0.9427536231884058,0.9304347826086956,logistic,2.9000000000000004
2,0.9322463768115942,0.9608695652173913,logistic,2.9000000000000004
3,0.9380434782608695,0.9347826086956522,logistic,2.9000000000000004
4,0.9438405797101449,0.9246376811594202,logistic,2.9000000000000004
0,0.9402173913043478,0.9304347826086956,logistic,3.0
1,0.9427536231884058,0.9304347826086956,logistic,3.0
2,0.9326086956521739,0.9608695652173913,logistic,3.0
3,0.9376811594202898,0.9347826086956522,logistic,3.0
4,0.9438405797101449,0.9246376811594202,logistic,3.0
0,0.9402173913043478,0.9304347826086956,logistic,3.1
1,0.9427536231884058,0.9304347826086956,logistic,3.1
2,0.9326086956521739,0.9608695652173913,logistic,3.1
3,0.9376811594202898,0.9347826086956522,logistic,3.1
4,0.9438405797101449,0.9231884057971015,logistic,3.1
0,0.9402173913043478,0.9289855072463769,logistic,3.2
1,0.9423913043478261,0.9304347826086956,logistic,3.2
2,0.9326086956521739,0.9608695652173913,logistic,3.2
3,0.9376811594202898,0.9347826086956522,logistic,3.2
4,0.9438405797101449,0.9231884057971015,logistic,3.2
0,0.9402173913043478,0.9289855072463769,logistic,3.3000000000000003
1,0.9423913043478261,0.9304347826086956,logistic,3.3000000000000003
2,0.9326086956521739,0.9608695652173913,logistic,3.3000000000000003
3,0.9384057971014492,0.9347826086956522,logistic,3.3000000000000003
4,0.9438405797101449,0.9231884057971015,logistic,3.3000000000000003
0,0.9402173913043478,0.9289855072463769,logistic,3.4000000000000004
1,0.9427536231884058,0.9304347826086956,logistic,3.4000000000000004
2,0.9326086956521739,0.9623188405797102,logistic,3.4000000000000004
3,0.938768115942029,0.9347826086956522,logistic,3.4000000000000004
4,0.9438405797101449,0.9231884057971015,logistic,3.4000000000000004
0,0.9402173913043478,0.927536231884058,logistic,3.5
1,0.9431159420289855,0.9304347826086956,logistic,3.5
2,0.9326086956521739,0.9623188405797102,logistic,3.5
3,0.938768115942029,0.9347826086956522,logistic,3.5
4,0.9438405797101449,0.9231884057971015,logistic,3.5
0,0.9405797101449276,0.927536231884058,logistic,3.6
1,0.9431159420289855,0.9304347826086956,logistic,3.6
2,0.9326086956521739,0.9623188405797102,logistic,3.6
3,0.938768115942029,0.9347826086956522,logistic,3.6
4,0.9438405797101449,0.9231884057971015,logistic,3.6
0,0.9405797101449276,0.9260869565217391,logistic,3.7
1,0.9431159420289855,0.9304347826086956,logistic,3.7
2,0.9322463768115942,0.9637681159420289,logistic,3.7
3,0.9384057971014492,0.9347826086956522,logistic,3.7
4,0.9438405797101449,0.9231884057971015,logistic,3.7
0,0.941304347826087,0.9260869565217391,logistic,3.8000000000000003
1,0.9427536231884058,0.9304347826086956,logistic,3.8000000000000003
2,0.9318840579710145,0.9637681159420289,logistic,3.8000000000000003
3,0.938768115942029,0.9333333333333333,logistic,3.8000000000000003
4,0.9434782608695652,0.9231884057971015,logistic,3.8000000000000003
0,0.941304347826087,0.9260869565217391,logistic,3.9000000000000004
1,0.9427536231884058,0.9304347826086956,logistic,3.9000000000000004
2,0.9311594202898551,0.9637681159420289,logistic,3.9000000000000004
3,0.938768115942029,0.9333333333333333,logistic,3.9000000000000004
4,0.9434782608695652,0.9231884057971015,logistic,3.9000000000000004
0,0.941304347826087,0.9260869565217391,logistic,4.0
1,0.9423913043478261,0.9304347826086956,logistic,4.0
2,0.9311594202898551,0.9637681159420289,logistic,4.0
3,0.938768115942029,0.9333333333333333,logistic,4.0
4,0.9434782608695652,0.9231884057971015,logistic,4.0
0,0.941304347826087,0.9260869565217391,logistic,4.1000000000000005
1,0.9423913043478261,0.9304347826086956,logistic,4.1000000000000005
2,0.9311594202898551,0.9637681159420289,logistic,4.1000000000000005
3,0.938768115942029,0.9333333333333333,logistic,4.1000000000000005
4,0.9434782608695652,0.9231884057971015,logistic,4.1000000000000005
0,0.941304347826087,0.9260869565217391,logistic,4.2
1,0.9423913043478261,0.9304347826086956,logistic,4.2
2,0.9318840579710145,0.9637681159420289,logistic,4.2
3,0.9384057971014492,0.9333333333333333,logistic,4.2
4,0.9434782608695652,0.9231884057971015,logistic,4.2
0,0.941304347826087,0.9260869565217391,logistic,4.3
1,0.9423913043478261,0.9304347826086956,logistic,4.3
2,0.9315217391304348,0.9637681159420289,logistic,4.3
3,0.9384057971014492,0.9333333333333333,logistic,4.3
4,0.9438405797101449,0.9231884057971015,logistic,4.3
0,0.941304347826087,0.9246376811594202,logistic,4.4
1,0.9431159420289855,0.9304347826086956,logistic,4.4
2,0.9315217391304348,0.9652173913043478,logistic,4.4
3,0.9384057971014492,0.9333333333333333,logistic,4.4
4,0.9438405797101449,0.9231884057971015,logistic,4.4
0,0.941304347826087,0.9246376811594202,logistic,4.5
1,0.9431159420289855,0.9304347826086956,logistic,4.5
2,0.9315217391304348,0.9652173913043478,logistic,4.5
3,0.9384057971014492,0.9347826086956522,logistic,4.5
4,0.9434782608695652,0.9231884057971015,logistic,4.5
0,0.941304347826087,0.9246376811594202,logistic,4.6000000000000005
1,0.9434782608695652,0.9304347826086956,logistic,4.6000000000000005
2,0.9311594202898551,0.9652173913043478,logistic,4.6000000000000005
3,0.9384057971014492,0.9347826086956522,logistic,4.6000000000000005
4,0.9434782608695652,0.9231884057971015,logistic,4.6000000000000005
0,0.941304347826087,0.9246376811594202,logistic,4.7
1,0.9434782608695652,0.9304347826086956,logistic,4.7
2,0.9311594202898551,0.9652173913043478,logistic,4.7
3,0.9384057971014492,0.9347826086956522,logistic,4.7
4,0.9434782608695652,0.9231884057971015,logistic,4.7
0,0.9416666666666667,0.9246376811594202,logistic,4.800000000000001
1,0.9434782608695652,0.9289855072463769,logistic,4.800000000000001
2,0.9311594202898551,0.9652173913043478,logistic,4.800000000000001
3,0.9380434782608695,0.9347826086956522,logistic,4.800000000000001
4,0.9434782608695652,0.9231884057971015,logistic,4.800000000000001
0,0.9416666666666667,0.9246376811594202,logistic,4.9
1,0.9434782608695652,0.9304347826086956,logistic,4.9
2,0.9315217391304348,0.9652173913043478,logistic,4.9
3,0.9380434782608695,0.9347826086956522,logistic,4.9
4,0.9434782608695652,0.9231884057971015,logistic,4.9
0,0.9416666666666667,0.9246376811594202,logistic,5.0
1,0.9434782608695652,0.9304347826086956,logistic,5.0
2,0.9315217391304348,0.9652173913043478,logistic,5.0
3,0.9380434782608695,0.9347826086956522,logistic,5.0
4,0.9431159420289855,0.9231884057971015,logistic,5.0
0,0.9420289855072463,0.9246376811594202,logistic,5.1000000000000005
1,0.9438405797101449,0.9304347826086956,logistic,5.1000000000000005
2,0.9307971014492754,0.9652173913043478,logistic,5.1000000000000005
3,0.9380434782608695,0.9347826086956522,logistic,5.1000000000000005
4,0.9431159420289855,0.9231884057971015,logistic,5.1000000000000005
0,0.9420289855072463,0.9246376811594202,logistic,5.2
1,0.9438405797101449,0.9304347826086956,logistic,5.2
2,0.9307971014492754,0.9652173913043478,logistic,5.2
3,0.9380434782608695,0.9347826086956522,logistic,5.2
4,0.9434782608695652,0.9231884057971015,logistic,5.2
0,0.9420289855072463,0.9246376811594202,logistic,5.300000000000001
1,0.9438405797101449,0.9304347826086956,logistic,5.300000000000001
2,0.9307971014492754,0.9652173913043478,logistic,5.300000000000001
3,0.9384057971014492,0.9347826086956522,logistic,5.300000000000001
4,0.9434782608695652,0.9231884057971015,logistic,5.300000000000001
0,0.9420289855072463,0.9246376811594202,logistic,5.4
1,0.9438405797101449,0.9304347826086956,logistic,5.4
2,0.9307971014492754,0.9652173913043478,logistic,5.4
3,0.9384057971014492,0.9347826086956522,logistic,5.4
4,0.9434782608695652,0.9231884057971015,logistic,5.4
0,0.9420289855072463,0.9246376811594202,logistic,5.5
1,0.9438405797101449,0.9304347826086956,logistic,5.5
2,0.9307971014492754,0.9652173913043478,logistic,5.5
3,0.938768115942029,0.9347826086956522,logistic,5.5
4,0.9434782608695652,0.9231884057971015,logistic,5.5
0,0.9420289855072463,0.9246376811594202,logistic,5.6000000000000005
1,0.9438405797101449,0.9304347826086956,logistic,5.6000000000000005
2,0.9307971014492754,0.9652173913043478,logistic,5.6000000000000005
3,0.938768115942029,0.9347826086956522,logistic,5.6000000000000005
4,0.9434782608695652,0.9231884057971015,logistic,5.6000000000000005
0,0.9420289855072463,0.9246376811594202,logistic,5.7
1,0.9438405797101449,0.9318840579710145,logistic,5.7
2,0.9307971014492754,0.9637681159420289,logistic,5.7
3,0.938768115942029,0.9347826086956522,logistic,5.7
4,0.9434782608695652,0.9231884057971015,logistic,5.7
0,0.9420289855072463,0.9246376811594202,logistic,5.800000000000001
1,0.9438405797101449,0.9318840579710145,logistic,5.800000000000001
2,0.9307971014492754,0.9623188405797102,logistic,5.800000000000001
3,0.938768115942029,0.9347826086956522,logistic,5.800000000000001
4,0.9434782608695652,0.9231884057971015,logistic,5.800000000000001
0,0.9423913043478261,0.9246376811594202,logistic,5.9
1,0.9438405797101449,0.9318840579710145,logistic,5.9
2,0.9307971014492754,0.9623188405797102,logistic,5.9
3,0.938768115942029,0.9347826086956522,logistic,5.9
4,0.9434782608695652,0.9231884057971015,logistic,5.9
0,0.9423913043478261,0.9246376811594202,logistic,6.0
1,0.9438405797101449,0.9318840579710145,logistic,6.0
2,0.9307971014492754,0.9623188405797102,logistic,6.0
3,0.938768115942029,0.9347826086956522,logistic,6.0
4,0.9438405797101449,0.9231884057971015,logistic,6.0
0,0.9423913043478261,0.9246376811594202,logistic,6.1000000000000005
1,0.9438405797101449,0.9318840579710145,logistic,6.1000000000000005
2,0.9307971014492754,0.9623188405797102,logistic,6.1000000000000005
3,0.938768115942029,0.9347826086956522,logistic,6.1000000000000005
4,0.9438405797101449,0.9231884057971015,logistic,6.1000000000000005
0,0.9423913043478261,0.9246376811594202,logistic,6.2
1,0.9438405797101449,0.9318840579710145,logistic,6.2
2,0.9307971014492754,0.9608695652173913,logistic,6.2
3,0.938768115942029,0.9347826086956522,logistic,6.2
4,0.9438405797101449,0.9231884057971015,logistic,6.2
0,0.9423913043478261,0.9246376811594202,logistic,6.300000000000001
1,0.9438405797101449,0.9318840579710145,logistic,6.300000000000001
2,0.9307971014492754,0.9608695652173913,logistic,6.300000000000001
3,0.938768115942029,0.9347826086956522,logistic,6.300000000000001
4,0.9438405797101449,0.9231884057971015,logistic,6.300000000000001
0,0.9423913043478261,0.9246376811594202,logistic,6.4
1,0.9438405797101449,0.9318840579710145,logistic,6.4
2,0.9307971014492754,0.9608695652173913,logistic,6.4
3,0.938768115942029,0.9347826086956522,logistic,6.4
4,0.9438405797101449,0.9231884057971015,logistic,6.4
0,0.9423913043478261,0.9246376811594202,logistic,6.5
1,0.9438405797101449,0.9318840579710145,logistic,6.5
2,0.9307971014492754,0.9608695652173913,logistic,6.5
3,0.938768115942029,0.9347826086956522,logistic,6.5
4,0.9438405797101449,0.9231884057971015,logistic,6.5
0,0.9420289855072463,0.9246376811594202,logistic,6.6000000000000005
1,0.9438405797101449,0.9318840579710145,logistic,6.6000000000000005
2,0.9307971014492754,0.9608695652173913,logistic,6.6000000000000005
3,0.938768115942029,0.9347826086956522,logistic,6.6000000000000005
4,0.9438405797101449,0.9231884057971015,logistic,6.6000000000000005
0,0.9423913043478261,0.9246376811594202,logistic,6.7
1,0.9434782608695652,0.9318840579710145,logistic,6.7
2,0.9307971014492754,0.9608695652173913,logistic,6.7
3,0.938768115942029,0.936231884057971,logistic,6.7
4,0.9434782608695652,0.9231884057971015,logistic,6.7
0,0.9423913043478261,0.9231884057971015,logistic,6.800000000000001
1,0.9434782608695652,0.9318840579710145,logistic,6.800000000000001
2,0.9307971014492754,0.9594202898550724,logistic,6.800000000000001
3,0.9391304347826087,0.936231884057971,logistic,6.800000000000001
4,0.9434782608695652,0.9231884057971015,logistic,6.800000000000001
0,0.9423913043478261,0.9231884057971015,logistic,6.9
1,0.9434782608695652,0.9318840579710145,logistic,6.9
2,0.9307971014492754,0.9594202898550724,logistic,6.9
3,0.9391304347826087,0.936231884057971,logistic,6.9
4,0.9434782608695652,0.9231884057971015,logistic,6.9
0,0.9423913043478261,0.9231884057971015,logistic,7.0
1,0.9434782608695652,0.9318840579710145,logistic,7.0
2,0.9307971014492754,0.9594202898550724,logistic,7.0
3,0.9391304347826087,0.936231884057971,logistic,7.0
4,0.9434782608695652,0.9231884057971015,logistic,7.0
0,0.9423913043478261,0.9231884057971015,logistic,7.1000000000000005
1,0.9434782608695652,0.9318840579710145,logistic,7.1000000000000005
2,0.9304347826086956,0.9594202898550724,logistic,7.1000000000000005
3,0.9391304347826087,0.936231884057971,logistic,7.1000000000000005
4,0.9434782608695652,0.9231884057971015,logistic,7.1000000000000005
0,0.9423913043478261,0.9231884057971015,logistic,7.2
1,0.9434782608695652,0.9318840579710145,logistic,7.2
2,0.9307971014492754,0.9594202898550724,logistic,7.2
3,0.9391304347826087,0.936231884057971,logistic,7.2
4,0.9434782608695652,0.9231884057971015,logistic,7.2
0,0.9423913043478261,0.9231884057971015,logistic,7.300000000000001
1,0.9434782608695652,0.9318840579710145,logistic,7.300000000000001
2,0.9307971014492754,0.9594202898550724,logistic,7.300000000000001
3,0.9391304347826087,0.936231884057971,logistic,7.300000000000001
4,0.9434782608695652,0.9231884057971015,logistic,7.300000000000001
0,0.9423913043478261,0.9231884057971015,logistic,7.4
1,0.9431159420289855,0.9318840579710145,logistic,7.4
2,0.9307971014492754,0.9594202898550724,logistic,7.4
3,0.9391304347826087,0.9376811594202898,logistic,7.4
4,0.9434782608695652,0.9231884057971015,logistic,7.4
0,0.9423913043478261,0.9231884057971015,logistic,7.5
1,0.9431159420289855,0.9304347826086956,logistic,7.5
2,0.9307971014492754,0.9594202898550724,logistic,7.5
3,0.9391304347826087,0.9376811594202898,logistic,7.5
4,0.9434782608695652,0.9231884057971015,logistic,7.5
0,0.9423913043478261,0.9231884057971015,logistic,7.6000000000000005
1,0.9431159420289855,0.9304347826086956,logistic,7.6000000000000005
2,0.9307971014492754,0.9594202898550724,logistic,7.6000000000000005
3,0.9391304347826087,0.9376811594202898,logistic,7.6000000000000005
4,0.9434782608695652,0.9231884057971015,logistic,7.6000000000000005
0,0.9423913043478261,0.9231884057971015,logistic,7.7
1,0.9431159420289855,0.9304347826086956,logistic,7.7
2,0.9307971014492754,0.9594202898550724,logistic,7.7
3,0.9391304347826087,0.9376811594202898,logistic,7.7
4,0.9431159420289855,0.9231884057971015,logistic,7.7
0,0.9423913043478261,0.9231884057971015,logistic,7.800000000000001
1,0.9431159420289855,0.9304347826086956,logistic,7.800000000000001
2,0.9311594202898551,0.9594202898550724,logistic,7.800000000000001
3,0.9391304347826087,0.9376811594202898,logistic,7.800000000000001
4,0.9431159420289855,0.9231884057971015,logistic,7.800000000000001
0,0.9423913043478261,0.9231884057971015,logistic,7.9
1,0.9431159420289855,0.9304347826086956,logistic,7.9
2,0.9311594202898551,0.9594202898550724,logistic,7.9
3,0.9391304347826087,0.9376811594202898,logistic,7.9
4,0.9431159420289855,0.9231884057971015,logistic,7.9
0,0.9423913043478261,0.9231884057971015,logistic,8.0
1,0.9434782608695652,0.9304347826086956,logistic,8.0
2,0.9307971014492754,0.9594202898550724,logistic,8.0
3,0.9391304347826087,0.9376811594202898,logistic,8.0
4,0.9431159420289855,0.9231884057971015,logistic,8.0
0,0.9423913043478261,0.9231884057971015,logistic,8.1
1,0.9434782608695652,0.9304347826086956,logistic,8.1
2,0.9307971014492754,0.9594202898550724,logistic,8.1
3,0.9394927536231884,0.9376811594202898,logistic,8.1
4,0.9431159420289855,0.9231884057971015,logistic,8.1
0,0.9423913043478261,0.9231884057971015,logistic,8.200000000000001
1,0.9434782608695652,0.9304347826086956,logistic,8.200000000000001
2,0.9307971014492754,0.9594202898550724,logistic,8.200000000000001
3,0.9394927536231884,0.9376811594202898,logistic,8.200000000000001
4,0.9431159420289855,0.9231884057971015,logistic,8.200000000000001
0,0.9423913043478261,0.9231884057971015,logistic,8.3
1,0.9438405797101449,0.9304347826086956,logistic,8.3
2,0.9307971014492754,0.9594202898550724,logistic,8.3
3,0.9394927536231884,0.9376811594202898,logistic,8.3
4,0.9434782608695652,0.9231884057971015,logistic,8.3
0,0.9423913043478261,0.9231884057971015,logistic,8.4
1,0.9438405797101449,0.9304347826086956,logistic,8.4
2,0.9307971014492754,0.9594202898550724,logistic,8.4
3,0.9394927536231884,0.9376811594202898,logistic,8.4
4,0.9434782608695652,0.9231884057971015,logistic,8.4
0,0.9427536231884058,0.9231884057971015,logistic,8.5
1,0.9434782608695652,0.9304347826086956,logistic,8.5
2,0.9307971014492754,0.9594202898550724,logistic,8.5
3,0.9394927536231884,0.9376811594202898,logistic,8.5
4,0.9438405797101449,0.9231884057971015,logistic,8.5
0,0.9427536231884058,0.9231884057971015,logistic,8.6
1,0.9434782608695652,0.9304347826086956,logistic,8.6
2,0.9307971014492754,0.9594202898550724,logistic,8.6
3,0.9394927536231884,0.9376811594202898,logistic,8.6
4,0.9438405797101449,0.9231884057971015,logistic,8.6
0,0.9423913043478261,0.9231884057971015,logistic,8.700000000000001
1,0.9434782608695652,0.9304347826086956,logistic,8.700000000000001
2,0.9307971014492754,0.9594202898550724,logistic,8.700000000000001
3,0.9398550724637681,0.9376811594202898,logistic,8.700000000000001
4,0.9438405797101449,0.9231884057971015,logistic,8.700000000000001
0,0.9427536231884058,0.9231884057971015,logistic,8.8
1,0.9434782608695652,0.9304347826086956,logistic,8.8
2,0.9307971014492754,0.9594202898550724,logistic,8.8
3,0.9398550724637681,0.9376811594202898,logistic,8.8
4,0.9438405797101449,0.9231884057971015,logistic,8.8
0,0.9431159420289855,0.9231884057971015,logistic,8.9
1,0.9434782608695652,0.9304347826086956,logistic,8.9
2,0.9307971014492754,0.9594202898550724,logistic,8.9
3,0.9394927536231884,0.9376811594202898,logistic,8.9
4,0.9438405797101449,0.9231884057971015,logistic,8.9
0,0.9434782608695652,0.9231884057971015,logistic,9.0
1,0.9434782608695652,0.9304347826086956,logistic,9.0
2,0.9307971014492754,0.9594202898550724,logistic,9.0
3,0.9394927536231884,0.9376811594202898,logistic,9.0
4,0.9438405797101449,0.9231884057971015,logistic,9.0
0,0.9434782608695652,0.9231884057971015,logistic,9.1
1,0.9434782608695652,0.9304347826086956,logistic,9.1
2,0.9304347826086956,0.9594202898550724,logistic,9.1
3,0.9394927536231884,0.9376811594202898,logistic,9.1
4,0.9438405797101449,0.9231884057971015,logistic,9.1
0,0.9434782608695652,0.9231884057971015,logistic,9.200000000000001
1,0.9434782608695652,0.9304347826086956,logistic,9.200000000000001
2,0.9304347826086956,0.9594202898550724,logistic,9.200000000000001
3,0.9394927536231884,0.9376811594202898,logistic,9.200000000000001
4,0.9438405797101449,0.9231884057971015,logistic,9.200000000000001
0,0.9434782608695652,0.9231884057971015,logistic,9.3
1,0.9434782608695652,0.9304347826086956,logistic,9.3
2,0.9304347826086956,0.9594202898550724,logistic,9.3
3,0.9394927536231884,0.9376811594202898,logistic,9.3
4,0.9442028985507246,0.9231884057971015,logistic,9.3
0,0.9431159420289855,0.9231884057971015,logistic,9.4
1,0.9434782608695652,0.9304347826086956,logistic,9.4
2,0.9304347826086956,0.9594202898550724,logistic,9.4
3,0.9394927536231884,0.9376811594202898,logistic,9.4
4,0.9442028985507246,0.9231884057971015,logistic,9.4
0,0.9431159420289855,0.9231884057971015,logistic,9.5
1,0.9438405797101449,0.9304347826086956,logistic,9.5
2,0.9304347826086956,0.9594202898550724,logistic,9.5
3,0.9394927536231884,0.9376811594202898,logistic,9.5
4,0.9442028985507246,0.9231884057971015,logistic,9.5
0,0.9431159420289855,0.9231884057971015,logistic,9.600000000000001
1,0.9438405797101449,0.9304347826086956,logistic,9.600000000000001
2,0.9304347826086956,0.9594202898550724,logistic,9.600000000000001
3,0.9394927536231884,0.9376811594202898,logistic,9.600000000000001
4,0.9442028985507246,0.9231884057971015,logistic,9.600000000000001
0,0.9431159420289855,0.9231884057971015,logistic,9.700000000000001
1,0.9438405797101449,0.9318840579710145,logistic,9.700000000000001
2,0.9304347826086956,0.9594202898550724,logistic,9.700000000000001
3,0.9394927536231884,0.9376811594202898,logistic,9.700000000000001
4,0.9442028985507246,0.9231884057971015,logistic,9.700000000000001
0,0.9431159420289855,0.9231884057971015,logistic,9.8
1,0.9438405797101449,0.9318840579710145,logistic,9.8
2,0.9304347826086956,0.9594202898550724,logistic,9.8
3,0.9394927536231884,0.9376811594202898,logistic,9.8
4,0.9442028985507246,0.9231884057971015,logistic,9.8
0,0.9431159420289855,0.9231884057971015,logistic,9.9
1,0.9438405797101449,0.9318840579710145,logistic,9.9
2,0.9304347826086956,0.9594202898550724,logistic,9.9
3,0.9394927536231884,0.9376811594202898,logistic,9.9
4,0.9442028985507246,0.9231884057971015,logistic,9.9
0,0.9427536231884058,0.9231884057971015,logistic,10.0
1,0.9438405797101449,0.9318840579710145,logistic,10.0
2,0.9304347826086956,0.9594202898550724,logistic,10.0
3,0.9394927536231884,0.9376811594202898,logistic,10.0
4,0.9442028985507246,0.9231884057971015,logistic,10.0
